obdA,obdB,cohort,shared,linesA,linesB,windowA,windowB,dateA,dateB,routeA,routeB
9107834707,9107642498,326,2,6,8,,,,,Ghod Dod,Adajan
9107834709,9107827923,326,5,28,16,,,,,Navsari,Adajan
9107834709,9107821621,326,2,28,5,,,,,Navsari,Ghod Dod
9107834709,9107783273,326,2,28,4,,,,,Navsari,Adajan
9107834709,9107343776,326,3,28,6,,,,,Navsari,Varachha
9107834709,9107827924,326,2,28,6,,,,,Navsari,Ghod Dod
9107827923,9107783273,326,2,16,4,,,,,Adajan,Adajan
9106568671,9107454957,326,4,4,4,,,,,Ghod Dod,Ghod Dod
9107634948,9106634247,342,6,7,6,,,,,Adajan,Adajan
9108167730,9108167728,751,3,13,15,1,1,2026-07-10,2026-07-10,Adajan,Adajan
9107842915,9107488878,351,4,4,4,,,,,Vapi,Vapi
9107757066,9107757067,532,3,19,5,,,,,Adajan,Adajan
9108200715,9108200722,755,2,2,41,1,1,2026-07-10,2026-07-10,Udhana,Adajan
9108200721,9108200722,755,5,8,41,1,1,2026-07-10,2026-07-10,Adajan,Adajan
9108739463,9108739462,1465,5,22,14,1,1,2026-08-07,2026-08-07,Ghod Dod,Udhana
9108008409,9108008406,539,2,5,14,,,,,Adajan,Bharuch
9108008404,9108008406,539,2,13,14,4,,2026-07-03,,Varachha,Bharuch
9107760734,9107760739,370,2,3,3,,,,,Vapi,Ghod Dod
9108006728,9108006724,544,3,6,6,,,,,Chikhli,Ghod Dod
9108720222,9108672898,1482,3,6,9,4,4,2026-08-07,2026-08-07,Bardoli,Bardoli
9108720222,9108719149,1482,2,6,19,4,4,2026-08-07,2026-08-06,Bardoli,Navsari
9108672898,9108675836,1482,2,9,2,4,4,2026-08-07,2026-08-07,Bardoli,Chikhli
9108761314,9108719149,1482,17,27,19,4,4,2026-08-06,2026-08-06,Navsari,Navsari
9107725277,9107725276,386,2,10,6,,,,,Varachha,Navsari
9108222008,9108157892,764,2,7,7,3,4,2026-07-10,2026-07-10,Ghod Dod,Ghod Dod
9108157892,9108222000,764,2,7,8,4,4,2026-07-10,2026-07-10,Ghod Dod,Navsari
9108159896,9108222000,764,2,5,8,4,4,2026-07-10,2026-07-10,Navsari,Navsari
9107760787,9107768685,565,2,13,30,,,,,Ghod Dod,
9107768689,9107768685,565,8,30,30,,,,,Adajan,
9108139781,9108139783,768,2,13,5,3,4,2026-07-10,2026-07-10,Varachha,Chikhli
9107968381,9108029934,571,2,19,23,,,,,Ghod Dod,Varachha
9107862848,9107862847,401,2,7,37,,,,,Adajan,Vapi
9108217417,9108217418,770,3,18,15,3,4,2026-07-10,2026-07-10,Adajan,Navsari
9108705047,9108705048,1445,5,28,14,4,2,2026-08-06,2026-08-06,Bardoli,Adajan
9107894618,9107857656,404,2,2,9,,,,,Adajan,
9108192729,9108192738,772,2,17,2,3,3,2026-07-10,2026-07-10,Ghod Dod,Adajan
9108192729,9108192733,772,7,17,11,3,3,2026-07-10,2026-07-10,Ghod Dod,Ghod Dod
9107918805,9107918804,409,3,3,3,,,,,Vapi,Vapi
9107842176,9107842165,418,3,3,10,1,1,2026-06-28,2026-06-28,,
9107842176,9107842166,418,2,3,7,1,1,2026-06-28,2026-06-28,,
9107842165,9107842166,418,4,10,7,1,1,2026-06-28,2026-06-28,,
9108222010,9108159897,773,4,4,4,4,4,2026-07-10,2026-07-10,Ghod Dod,
9108222010,9108159898,773,4,4,4,4,1,2026-07-10,2026-07-10,Ghod Dod,Ghod Dod
9108159897,9108159898,773,4,4,4,4,1,2026-07-10,2026-07-10,,Ghod Dod
9108170938,9108170930,776,2,15,5,3,3,2026-07-10,2026-07-10,Varachha,Adajan
9108170938,9108170931,776,2,15,5,3,3,2026-07-10,2026-07-10,Varachha,Adajan
9108170929,9108170931,776,2,6,5,3,3,2026-07-10,2026-07-10,Adajan,Adajan
9107811085,9107811082,416,2,30,39,,1,,2026-06-28,Adajan,Adajan
9107811085,9107811083,416,2,30,2,,,,,Adajan,Vapi
9107811082,9107811083,416,2,39,2,1,,2026-06-28,,Adajan,Vapi
9107826096,9107917611,412,2,11,20,,,,,Ghod Dod,Adajan
9107826096,9107917606,412,2,11,39,,1,,2026-06-28,Ghod Dod,Adajan
9107917611,9107917606,412,6,20,39,,1,,2026-06-28,Adajan,Adajan
9107917608,9107917606,412,4,5,39,,1,,2026-06-28,Adajan,Adajan
9108224112,9108224111,779,2,8,13,4,1,2026-07-10,2026-07-11,Navsari,Varachha
9108224112,9108224116,779,3,8,4,4,3,2026-07-10,2026-07-12,Navsari,Chikhli
9108308888,9108353804,962,2,2,6,,3,,2026-07-17,Adajan,Adajan
9108139666,9108139679,782,2,7,3,1,3,2026-07-11,2026-07-12,Adajan,
9107899066,9107899065,439,2,6,19,,,,,Navsari,Navsari
9108214230,9108214239,783,2,8,4,1,1,2026-07-11,2026-07-11,Varachha,Ghod Dod
9108214230,9108214220,783,2,8,3,1,1,2026-07-11,2026-07-11,Varachha,Adajan
9108214237,9108214235,783,2,15,10,4,1,2026-07-11,2026-07-11,Chikhli,Ghod Dod
9108214226,9108214235,783,2,5,10,1,1,2026-07-11,2026-07-11,Adajan,Ghod Dod
9108214239,9108214220,783,3,4,3,1,1,2026-07-11,2026-07-11,Ghod Dod,Adajan
9107895835,9107931925,440,2,3,2,,,,,,
9108025538,9108025537,603,2,2,2,4,4,2026-07-03,2026-07-03,Navsari,Adajan
9108028820,9108028818,606,2,3,4,,,,,Adajan,Varachha
9108028820,9108028817,606,3,3,3,,,,,Adajan,Adajan
9108028818,9108028817,606,2,4,3,,,,,Varachha,Adajan
9107943325,9107943324,449,2,8,9,,,,,Adajan,Varachha
9108505627,9108505625,1152,2,2,2,1,1,2026-07-27,2026-07-27,Varachha,Varachha
9108192632,9108192630,784,4,7,8,4,4,2026-07-11,2026-07-11,Vapi,Vapi
9108231208,9108209533,785,2,4,2,,,,,Adajan,Adajan
9108231208,9108170681,785,2,4,2,,,,,Adajan,Adajan
9108231208,9108234424,785,4,4,4,,,,,Adajan,Adajan
9108231208,9108221210,785,4,4,6,,3,,2026-07-12,Adajan,Vapi
9108229109,9108207778,785,2,2,2,,,,,Adajan,Adajan
9108209533,9108170681,785,2,2,2,,,,,Adajan,Adajan
9108209533,9108234424,785,2,2,4,,,,,Adajan,Adajan
9108209533,9108221210,785,2,2,6,,3,,2026-07-12,Adajan,Vapi
9108170681,9108234424,785,2,2,4,,,,,Adajan,Adajan
9108170681,9108221210,785,2,2,6,,3,,2026-07-12,Adajan,Vapi
9108234424,9108221210,785,4,4,6,,3,,2026-07-12,Adajan,Vapi
9108149290,9108149297,787,4,9,17,4,1,2026-07-11,2026-07-11,Vapi,Udhana
9108149296,9108149298,787,2,3,12,1,1,2026-07-11,2026-07-11,Adajan,Adajan
9108149294,9108149298,787,2,5,12,1,1,2026-07-11,2026-07-11,Adajan,Adajan
9107993885,9107993887,615,2,24,16,,,,,Varachha,Adajan
9108646895,9108643071,1381,2,4,11,1,1,2026-08-04,2026-08-04,Adajan,Varachha
9108085535,9108223013,788,3,3,4,1,1,2026-07-11,2026-07-11,Adajan,Adajan
9108732876,9108732875,1459,3,14,6,3,3,2026-08-06,2026-08-06,Adajan,Adajan
9108732875,9108732874,1459,2,6,19,3,4,2026-08-06,2026-08-06,Adajan,Chikhli
9107842486,9107842488,792,5,26,14,4,4,2026-07-11,2026-07-11,Navsari,Navsari
9108152758,9108152755,793,2,2,2,,,,,Navsari,Navsari
9108457649,9108457650,1159,2,3,10,1,1,2026-07-27,2026-07-27,Varachha,Adajan
9108865004,9108788497,1665,5,17,44,1,1,2026-08-12,2026-08-12,Adajan,Navsari
9108865002,9108865006,1665,3,4,12,1,1,2026-08-12,2026-08-12,Adajan,Varachha
9108865000,9108788497,1665,2,10,44,1,1,2026-08-12,2026-08-12,Ghod Dod,Navsari
9108788497,9108796098,1665,2,44,5,1,1,2026-08-12,2026-08-12,Navsari,Adajan
9106608394,9107816284,478,2,4,3,,1,,2026-06-27,Adajan,Ghod Dod
9108521569,9108582399,1483,3,9,44,4,4,2026-08-07,2026-08-07,Navsari,Navsari
9108652450,9108652452,1599,2,10,4,4,2,2026-08-10,2026-08-10,Navsari,Adajan
9108486010,9108409890,1101,2,4,2,1,1,2026-07-24,2026-07-24,Ghod Dod,Ghod Dod
9108486010,9108473047,1101,2,4,2,1,1,2026-07-24,2026-07-24,Ghod Dod,Ghod Dod
9107975742,9107975739,485,3,7,5,,,,,Ghod Dod,Adajan
9107975742,9107975738,485,3,7,46,,,,,Ghod Dod,Ghod Dod
9107975740,9107897683,485,2,2,7,,,,,Adajan,Ghod Dod
9108742467,9108742469,1480,2,18,4,4,4,2026-08-07,2026-08-07,Navsari,Navsari
9108863428,9108831654,1669,2,3,3,2,2,2026-08-12,2026-08-12,Adajan,Adajan
9108655660,9108707014,1392,3,5,3,1,1,2026-08-05,2026-08-05,Ghod Dod,Ghod Dod
9108655660,9108679443,1392,2,5,2,1,1,2026-08-05,2026-08-05,Ghod Dod,Ghod Dod
9108682980,9108707293,1481,3,9,30,4,4,2026-08-07,2026-08-06,Navsari,Navsari
9108682980,9108658772,1481,8,9,20,4,4,2026-08-07,2026-08-07,Navsari,Bardoli
9108682980,9108670095,1481,9,9,29,4,4,2026-08-07,2026-08-07,Navsari,Chikhli
9108707293,9108658772,1481,11,30,20,4,4,2026-08-06,2026-08-07,Navsari,Bardoli
9108707293,9108670095,1481,4,30,29,4,4,2026-08-06,2026-08-07,Navsari,Chikhli
9108707293,9108678798,1481,6,30,20,4,4,2026-08-06,2026-08-07,Navsari,Navsari
9108658772,9108670095,1481,8,20,29,4,4,2026-08-07,2026-08-07,Bardoli,Chikhli
9108670095,9108650187,1481,2,29,2,4,,2026-08-07,,Chikhli,Navsari
9108670095,9108752111,1481,2,29,2,4,4,2026-08-07,2026-08-07,Chikhli,Navsari
9108730893,9108730895,1524,2,4,2,1,1,2026-08-08,2026-08-08,Ghod Dod,Adajan
9108726303,9108693335,1395,2,2,17,2,2,2026-08-05,2026-08-05,Adajan,Adajan
9108726301,9108693335,1395,2,4,17,1,2,2026-08-05,2026-08-05,Adajan,Adajan
9108785841,9108785844,1605,2,4,14,3,3,2026-08-10,2026-08-10,Adajan,Ghod Dod
9108785839,9108785844,1605,2,3,14,3,3,2026-08-10,2026-08-10,Adajan,Ghod Dod
9107866680,9108086629,661,3,12,3,,,,,Ghod Dod,Ghod Dod
9107866680,9108040097,661,3,12,3,,,,,Ghod Dod,Ghod Dod
9107866680,9107944394,661,3,12,3,,,,,Ghod Dod,Ghod Dod
9107866680,9107921882,661,3,12,3,,,,,Ghod Dod,Ghod Dod
9107866680,9107866675,661,3,12,3,,,,,Ghod Dod,Ghod Dod
9107866680,9107866672,661,4,12,4,,,,,Ghod Dod,Ghod Dod
9107866680,9107866671,661,8,12,8,,,,,Ghod Dod,Ghod Dod
9107866680,9107866670,661,4,12,10,,,,,Ghod Dod,Ghod Dod
9107866680,9107866678,661,3,12,3,,,,,Ghod Dod,Ghod Dod
9107866680,9107866674,661,4,12,7,,,,,Ghod Dod,Ghod Dod
9107866680,9107866673,661,12,12,15,,,,,Ghod Dod,Ghod Dod
9107866680,9107866679,661,2,12,2,,,,,Ghod Dod,Ghod Dod
9108086629,9107866671,661,2,3,8,,,,,Ghod Dod,Ghod Dod
9108086629,9107866673,661,3,3,15,,,,,Ghod Dod,Ghod Dod
9108040097,9107866671,661,2,3,8,,,,,Ghod Dod,Ghod Dod
9108040097,9107866673,661,3,3,15,,,,,Ghod Dod,Ghod Dod
9107944394,9107866671,661,2,3,8,,,,,Ghod Dod,Ghod Dod
9107944394,9107866670,661,2,3,10,,,,,Ghod Dod,Ghod Dod
9107944394,9107866673,661,3,3,15,,,,,Ghod Dod,Ghod Dod
9107921882,9107866671,661,2,3,8,,,,,Ghod Dod,Ghod Dod
9107921882,9107866673,661,3,3,15,,,,,Ghod Dod,Ghod Dod
9107866675,9107866671,661,3,3,8,,,,,Ghod Dod,Ghod Dod
9107866675,9107866673,661,3,3,15,,,,,Ghod Dod,Ghod Dod
9107866672,9107866678,661,3,4,3,,,,,Ghod Dod,Ghod Dod
9107866672,9107866673,661,4,4,15,,,,,Ghod Dod,Ghod Dod
9107866672,9107866679,661,2,4,2,,,,,Ghod Dod,Ghod Dod
9107866671,9107866670,661,4,8,10,,,,,Ghod Dod,Ghod Dod
9107866671,9107866674,661,4,8,7,,,,,Ghod Dod,Ghod Dod
9107866671,9107866673,661,8,8,15,,,,,Ghod Dod,Ghod Dod
9107866670,9107866674,661,3,10,7,,,,,Ghod Dod,Ghod Dod
9107866670,9107866673,661,4,10,15,,,,,Ghod Dod,Ghod Dod
9107866678,9107866673,661,3,3,15,,,,,Ghod Dod,Ghod Dod
9107866674,9107866673,661,4,7,15,,,,,Ghod Dod,Ghod Dod
9107866673,9107866679,661,2,15,2,,,,,Ghod Dod,Ghod Dod
9107957666,9107957668,517,2,3,3,,,,,Adajan,Navsari
9108030863,9108083125,664,2,11,7,,,,,Adajan,Adajan
9108724609,9108596695,1401,2,17,2,2,2,2026-08-05,2026-08-05,Ghod Dod,Ghod Dod
9108245703,9108191284,816,3,5,3,3,3,2026-07-12,2026-07-12,Bharuch,Bharuch
9108047656,9108047653,666,4,6,10,,,,,Adajan,Adajan
9108799598,9108849162,1746,2,2,12,,,,,Varachha,
9108084336,9108111302,668,7,8,22,,,,,Adajan,Varachha
9108084336,9106729551,668,3,8,8,,,,,Adajan,Varachha
9108084336,9108049268,668,2,8,7,,,,,Adajan,Varachha
9108084336,9108092922,668,2,8,3,,,,,Adajan,Varachha
9108111302,9106729551,668,8,22,8,,,,,Varachha,Varachha
9108111302,9108049268,668,7,22,7,,,,,Varachha,Varachha
9108111302,9108092922,668,3,22,3,,,,,Varachha,Varachha
9108109807,9108097915,673,4,13,6,,,,,Adajan,Ghod Dod
9108094235,9108097916,673,4,18,18,,,,,Adajan,Bharuch
9108058640,9108058638,677,2,8,10,,,,,Kamrej,Adajan
9108058640,9108035974,677,4,8,13,,,,,Kamrej,Adajan
9108058638,9108035974,677,4,10,13,,,,,Adajan,Adajan
9108176597,9108176595,821,2,4,3,1,1,2026-07-13,2026-07-13,Adajan,Adajan
9108513643,9108513642,1199,2,2,2,,,,,Bharuch,Bharuch
9108042158,9108042156,679,2,4,9,,,,,Adajan,Adajan
9107779392,9108086429,675,2,2,6,,1,,2026-07-07,Ghod Dod,Bharuch
9108047654,9108086429,675,2,2,6,1,1,2026-07-07,2026-07-07,Bharuch,Bharuch
9108797054,9108797058,1671,2,8,10,2,2,2026-08-12,2026-08-12,Varachha,Varachha
9108025195,9108025577,686,7,61,29,,,,,,Adajan
9108025195,9108025576,686,10,61,19,,,,,,Adajan
9108025195,9108025579,686,3,61,19,,,,,,Ghod Dod
9108025576,9108025579,686,3,19,19,,,,,Adajan,Ghod Dod
9108104923,9108104915,683,7,12,16,,,,,Adajan,Adajan
9108104923,9108104917,683,2,12,11,,,,,Adajan,Adajan
9108104923,9108104918,683,3,12,9,,,,,Adajan,Adajan
9108104915,9108104917,683,3,16,11,,,,,Adajan,Adajan
9108104915,9108104922,683,2,16,7,,,,,Adajan,Adajan
9108104915,9108104921,683,2,16,3,,,,,Adajan,Adajan
9108104915,9108104918,683,7,16,9,,,,,Adajan,Adajan
9108104922,9108104918,683,3,7,9,,,,,Adajan,Adajan
9108104921,9108104918,683,3,3,9,,,,,Adajan,Adajan
9108104723,9108119701,691,3,9,6,,1,,2026-07-07,Adajan,Ghod Dod
9106718188,9108115509,692,15,15,16,,,,,Adajan,Adajan
9108153564,9108153563,835,2,4,6,3,3,2026-07-13,2026-07-13,Ghod Dod,Udhana
9108514205,9108514210,1201,3,10,12,4,2,2026-07-28,2026-07-28,Bharuch,Adajan
9108080351,9108078590,698,2,2,9,,,,,Adajan,Adajan
9108080351,9108010135,698,2,2,10,,,,,Adajan,Adajan
9108080351,9108010134,698,2,2,25,,,,,Adajan,Adajan
9108080351,9108010132,698,2,2,8,,,,,Adajan,Adajan
9108078590,9108010135,698,5,9,10,,,,,Adajan,Adajan
9108078590,9108010134,698,3,9,25,,,,,Adajan,Adajan
9108078590,9108010132,698,5,9,8,,,,,Adajan,Adajan
9108010135,9108010134,698,5,10,25,,,,,Adajan,Adajan
9108010135,9108010132,698,8,10,8,,,,,Adajan,Adajan
9108010134,9108010132,698,5,25,8,,,,,Adajan,Adajan
9108254312,9108254314,837,3,6,6,1,1,2026-07-13,2026-07-13,Ghod Dod,Ghod Dod
9107657892,9107665597,252,2,2,3,,,,,Navsari,Bardoli
9108752200,9108720396,1429,2,16,6,,1,,2026-08-06,Varachha,Adajan
9108752200,9108720397,1429,2,16,6,,1,,2026-08-06,Varachha,Adajan
9108752200,9108720398,1429,2,16,6,,1,,2026-08-06,Varachha,Adajan
9108752200,9108720399,1429,2,16,3,,1,,2026-08-06,Varachha,Adajan
9108752200,9108752201,1429,8,16,10,,1,,2026-08-06,Varachha,Adajan
9108720396,9108720397,1429,6,6,6,1,1,2026-08-06,2026-08-06,Adajan,Adajan
9108125105,9108125103,706,6,13,9,,,,,Vapi,Chikhli
9108122630,9108054881,706,2,11,3,,,,,Vapi,Adajan
9108122630,9108125106,706,2,11,7,,,,,Vapi,Vapi
9108054881,9108125106,706,2,3,7,,,,,Adajan,Vapi
9108039391,9108125102,707,9,18,21,,,,,Ghod Dod,Chikhli
9108039391,9108117723,707,11,18,25,,,,,Ghod Dod,Vansda
9108125102,9108117723,707,9,21,25,,,,,Chikhli,Vansda
9108776740,9108601993,1555,2,4,9,,3,,2026-08-08,Ghod Dod,Varachha
9107678764,9107678758,315,2,13,2,,,,,Adajan,Navsari
9108626216,9108626215,1305,2,2,2,,,,,Vapi,Vapi
9107802212,9107802219,277,3,11,14,,,,,Adajan,Bardoli
9107802212,9107780130,277,2,11,9,,,,,Adajan,Adajan
9107802216,9107802219,277,2,4,14,,,,,Adajan,Bardoli
9107802216,9107678747,277,4,4,8,,,,,Adajan,Ghod Dod
9107802216,9107802217,277,2,4,8,,,,,Adajan,Parvat
9107802216,9107800929,277,2,4,10,,,,,Adajan,Bardoli
9107802216,9107786987,277,2,4,2,,,,,Adajan,Ghod Dod
9107802216,9107786990,277,2,4,3,,,,,Adajan,Ghod Dod
9107780134,9107678747,277,2,4,8,,,,,Adajan,Ghod Dod
9107780134,9107802215,277,3,4,14,,,,,Adajan,Kamrej
9107802219,9107678747,277,2,14,8,,,,,Bardoli,Ghod Dod
9107500878,9107500875,277,2,3,5,,,,,Adajan,Vapi
9107706386,9107780135,277,2,7,2,,,,,Ghod Dod,Vapi
9107500877,9107802215,277,2,5,14,,,,,Ghod Dod,Kamrej
9107678747,9107802217,277,2,8,8,,,,,Ghod Dod,Parvat
9107678747,9107800929,277,2,8,10,,,,,Ghod Dod,Bardoli
9107678747,9107786987,277,2,8,2,,,,,Ghod Dod,Ghod Dod
9107678747,9107786990,277,2,8,3,,,,,Ghod Dod,Ghod Dod
9107780137,9107802218,277,2,10,3,,,,,Udhana,Ghod Dod
9107780130,9107802215,277,3,9,14,,,,,Adajan,Kamrej
9107780130,9107802217,277,2,9,8,,,,,Adajan,Parvat
9107802215,9107802217,277,2,14,8,,,,,Kamrej,Parvat
9107802215,9107786990,277,2,14,3,,,,,Kamrej,Ghod Dod
9107786987,9107786990,277,2,2,3,,,,,Ghod Dod,Ghod Dod
9108685433,9108685434,1432,4,6,7,,,,,Varachha,Varachha
9108685433,9108665669,1432,4,6,10,,2,,2026-08-06,Varachha,Adajan
9108685433,9108686395,1432,2,6,6,,2,,2026-08-06,Varachha,Adajan
9108663489,9108749803,1432,2,5,4,,,,,Varachha,Varachha
9108663489,9108720861,1432,2,5,3,,2,,2026-08-06,Varachha,Adajan
9108663489,9108738830,1432,2,5,32,,4,,2026-08-06,Varachha,Vapi
9108635686,9108663490,1432,2,3,13,2,,2026-08-06,,Ghod Dod,Varachha
9108733859,9108740401,1432,2,6,6,2,,2026-08-06,,Adajan,Varachha
9108733859,9108735932,1432,6,6,6,2,2,2026-08-06,2026-08-06,Adajan,Adajan
9108733859,9108697993,1432,2,6,3,2,,2026-08-06,,Adajan,Varachha
9108685434,9108665669,1432,2,7,10,,2,,2026-08-06,Varachha,Adajan
9108685434,9108686395,1432,4,7,6,,2,,2026-08-06,Varachha,Adajan
9108685434,9108738830,1432,3,7,32,,4,,2026-08-06,Varachha,Vapi
9108740401,9108735932,1432,2,6,6,,2,,2026-08-06,Varachha,Adajan
9108740401,9108697993,1432,3,6,3,,,,,Varachha,Varachha
9108740401,9108665669,1432,4,6,10,,2,,2026-08-06,Varachha,Adajan
9108735932,9108697993,1432,2,6,3,2,,2026-08-06,,Adajan,Varachha
9108749803,9108720861,1432,2,4,3,,2,,2026-08-06,Varachha,Adajan
9108749803,9108738830,1432,2,4,32,,4,,2026-08-06,Varachha,Vapi
9108686395,9108738830,1432,4,6,32,2,4,2026-08-06,2026-08-06,Adajan,Vapi
9107720907,9107726306,251,2,6,5,,,,,Ghod Dod,Adajan
9107720907,9107680577,251,2,6,2,,,,,Ghod Dod,Varachha
9107720907,9107649287,251,2,6,7,,,,,Ghod Dod,Parvat
9107726306,9107680577,251,2,5,2,,,,,Adajan,Varachha
9107726306,9107649287,251,2,5,7,,,,,Adajan,Parvat
9107680577,9107649287,251,2,2,7,,,,,Varachha,Parvat
9107720914,9107691483,251,2,16,7,,,,,Adajan,
9107699267,9107699269,255,2,4,3,,,,,Navsari,Navsari
9107699267,9107699270,255,3,4,6,,,,,Navsari,Navsari
9107699269,9107699270,255,2,3,6,,,,,Navsari,Navsari
9107755206,9107755214,256,2,2,7,,,,,Ghod Dod,Adajan
9107716978,9107742248,260,3,4,23,,,,,Adajan,Olpad
9107742249,9107742248,260,3,11,23,,,,,Navsari,Olpad
9107742248,9107616899,260,2,23,3,,,,,Olpad,Varachha
9107759815,9107759817,274,3,41,7,,,,,Chikhli,Navsari
9107759815,9107759818,274,2,41,5,,,,,Chikhli,Adajan
9107759815,9107759820,274,2,41,3,,,,,Chikhli,Adajan
9107798483,9107770846,280,2,13,16,,,,,Adajan,Ghod Dod
9107798483,9107802226,280,3,13,9,,,,,Adajan,Adajan
9107802224,9107770846,280,7,22,16,,,,,Adajan,Ghod Dod
9107802224,9107771517,280,3,22,7,,,,,Adajan,Ghod Dod
9107802224,9107808100,280,2,22,7,,,,,Adajan,Ghod Dod
9107802224,9107808101,280,2,22,2,,,,,Adajan,Bharuch
9107739037,9107739044,264,2,3,23,,,,,Navsari,Navsari
9107739042,9107739044,264,2,3,23,,,,,Navsari,Navsari
9107733341,9107733340,289,2,16,4,,,,,Adajan,Adajan
9107659451,9107659449,296,2,2,6,,,,,Adajan,Adajan
9107709386,9107768273,304,2,10,7,,,,,Navsari,Chikhli
9107698833,9107801475,306,2,11,7,,,,,Adajan,Adajan
9108093044,9108070427,711,2,3,7,,,,,Ghod Dod,Adajan
9108093044,9108106741,711,3,3,23,,,,,Ghod Dod,Bardoli
9108093044,9108098932,711,3,3,15,,,,,Ghod Dod,Varachha
9108086185,9108086181,711,2,4,15,,,,,Vansda,Chikhli
9108086185,9108105931,711,2,4,11,,,,,Vansda,Navsari
9108086185,9108106743,711,2,4,16,,,,,Vansda,Navsari
9108086185,9108070428,711,2,4,8,,,,,Vansda,Navsari
9108086184,9108086181,711,4,5,15,,,,,Chikhli,Chikhli
9108086184,9108106741,711,3,5,23,,,,,Chikhli,Bardoli
9108086184,9108105931,711,2,5,11,,,,,Chikhli,Navsari
9108086184,9108106743,711,4,5,16,,,,,Chikhli,Navsari
9108086184,9108070428,711,4,5,8,,,,,Chikhli,Navsari
9108086181,9108106741,711,6,15,23,,,,,Chikhli,Bardoli
9108086181,9108105931,711,5,15,11,,,,,Chikhli,Navsari
9108086181,9108106743,711,9,15,16,,,,,Chikhli,Navsari
9108086181,9108106742,711,2,15,19,,,,,Chikhli,Navsari
9108086181,9108070428,711,7,15,8,,,,,Chikhli,Navsari
9108070427,9108106741,711,3,7,23,,,,,Adajan,Bardoli
9108070427,9108098932,711,4,7,15,,,,,Adajan,Varachha
9108106741,9108106743,711,4,23,16,,,,,Bardoli,Navsari
9108106741,9108106742,711,3,23,19,,,,,Bardoli,Navsari
9108106741,9108070428,711,4,23,8,,,,,Bardoli,Navsari
9108106741,9108098932,711,7,23,15,,,,,Bardoli,Varachha
9108106740,9108106742,711,2,13,19,,,,,Chikhli,Navsari
9108105931,9108106743,711,8,11,16,,,,,Navsari,Navsari
9108105931,9108070428,711,3,11,8,,,,,Navsari,Navsari
9108106743,9108106742,711,2,16,19,,,,,Navsari,Navsari
9108106743,9108070428,711,6,16,8,,,,,Navsari,Navsari
9108106742,9108070428,711,2,19,8,,,,,Navsari,Navsari
9108124220,9108124222,712,6,9,6,,,,,Navsari,Navsari
9108124220,9108124221,712,3,9,4,,,,,Navsari,Navsari
9108124220,9108124223,712,5,9,10,,,,,Navsari,Varachha
9108124222,9108124221,712,2,6,4,,,,,Navsari,Navsari
9108124222,9108124223,712,3,6,10,,,,,Navsari,Varachha
9108124234,9108060066,713,2,4,11,,,,,Ghod Dod,Navsari
9108124234,9108060061,713,2,4,9,,,,,Ghod Dod,Navsari
9108124234,9108128806,713,2,4,3,,,,,Ghod Dod,Varachha
9108124234,9108124233,713,2,4,3,,,,,Ghod Dod,Varachha
9108124230,9108124228,713,6,11,6,,,,,Bardoli,Ghod Dod
9108060065,9108060061,713,4,4,9,,,,,Navsari,Navsari
9108060066,9108128806,713,3,11,3,,,,,Navsari,Varachha
9108060066,9108128805,713,2,11,3,,,,,Navsari,Varachha
9108060062,9108124231,713,3,10,3,,,,,Navsari,Varachha
9108060061,9108128803,713,2,9,3,,,,,Navsari,Varachha
9108060061,9108124233,713,3,9,3,,,,,Navsari,Varachha
9108086461,9108086460,714,3,6,5,,,,,Navsari,Chikhli
9108133427,9108133409,716,3,10,29,,,,,Adajan,Adajan
9108133409,9108133417,716,2,29,14,,,,,Adajan,Navsari
9108133415,9108133419,716,2,18,6,,,,,Vansda,Ghod Dod
9108133410,9108133411,719,3,7,6,2,,2026-07-07,,,
9108131525,9108131522,722,2,2,2,,,,,Adajan,Ghod Dod
9108114674,9108114669,724,2,7,3,,,,,Varachha,Adajan
9108114674,9108114672,724,2,7,9,,,,,Varachha,Bardoli
9108114674,9108114673,724,3,7,10,,,,,Varachha,Adajan
9108193803,9108193801,730,2,2,4,2,2,2026-07-09,2026-07-09,Adajan,Adajan
9108109037,9108109036,731,2,6,2,1,1,2026-07-09,2026-07-09,Adajan,Varachha
9108180719,9108180720,732,3,3,3,3,3,2026-07-12,2026-07-12,Navsari,Navsari
9108251082,9108302315,906,11,11,12,3,3,2026-07-15,2026-07-15,Adajan,Adajan
9108267692,9108248481,907,2,4,12,1,4,2026-07-16,2026-07-15,Ghod Dod,Bardoli
9108304613,9108248481,907,2,9,12,4,4,2026-07-15,2026-07-15,Navsari,Bardoli
9108563765,9108563762,1311,2,2,2,,,,,Navsari,Navsari
9108279885,9108279884,915,2,4,2,4,4,2026-07-16,2026-07-16,Navsari,Navsari
9108236850,9108236851,881,3,3,3,1,1,2026-07-15,2026-07-15,Adajan,Ghod Dod
9108470084,9108493357,1126,2,2,15,2,2,2026-07-25,2026-07-25,Adajan,Ghod Dod
9108470084,9108510323,1126,2,2,3,2,2,2026-07-25,2026-07-25,Adajan,Adajan
9108493357,9108510323,1126,3,15,3,2,2,2026-07-25,2026-07-25,Ghod Dod,Adajan
9108493357,9108493359,1126,2,15,3,2,2,2026-07-25,2026-07-25,Ghod Dod,Ghod Dod
9108470088,9108470087,1126,2,2,2,2,2,2026-07-25,2026-07-25,Adajan,Adajan
9108239668,9108239669,914,2,18,10,1,1,2026-07-16,2026-07-16,Adajan,Adajan
9108722442,9108742702,1430,2,13,2,4,4,2026-08-06,2026-08-06,Bharuch,Bharuch
9108722442,9108687797,1430,4,13,4,4,4,2026-08-06,2026-08-06,Bharuch,Bharuch
9108722442,9108704394,1430,7,13,7,4,4,2026-08-06,2026-08-06,Bharuch,Bharuch
9108199233,9108651459,1326,2,2,2,,,,,Adajan,Varachha
9108517344,9108517343,1184,5,5,6,,1,,2026-07-28,Varachha,Varachha
9108582548,9108582549,1299,3,4,14,4,4,2026-07-31,2026-07-31,Navsari,Navsari
9108483742,9108483741,1190,2,2,2,4,,2026-07-28,,Vansda,Vansda
9108263295,9108263290,1009,2,6,6,1,1,2026-07-20,2026-07-20,Adajan,Adajan
9108423285,9108423277,1206,2,7,3,3,3,2026-07-28,2026-07-28,Ghod Dod,Adajan
9108542140,9108545638,1236,4,18,10,,,,,No Route,No Route
9108566099,9108566098,1312,3,3,3,,,,,Varachha,Ghod Dod
9108566099,9108566097,1312,3,3,3,,,,,Varachha,Ghod Dod
9108566099,9108566096,1312,3,3,3,,,,,Varachha,Ghod Dod
9108566099,9108566095,1312,3,3,3,,,,,Varachha,Varachha
9108566098,9108566097,1312,3,3,3,,,,,Ghod Dod,Ghod Dod
9108566098,9108566096,1312,3,3,3,,,,,Ghod Dod,Ghod Dod
9108566098,9108566095,1312,3,3,3,,,,,Ghod Dod,Varachha
9108566097,9108566096,1312,3,3,3,,,,,Ghod Dod,Ghod Dod
9108566097,9108566095,1312,3,3,3,,,,,Ghod Dod,Varachha
9108566096,9108566095,1312,3,3,3,,,,,Ghod Dod,Varachha
9108645108,9108645107,1314,3,3,3,,,,,Varachha,Ghod Dod
9108645108,9108645106,1314,3,3,3,,,,,Varachha,Ghod Dod
9108645108,9108645105,1314,3,3,3,,,,,Varachha,Ghod Dod
9108645108,9108645104,1314,3,3,3,,,,,Varachha,Varachha
9108645107,9108645106,1314,3,3,3,,,,,Ghod Dod,Ghod Dod
9108645107,9108645105,1314,3,3,3,,,,,Ghod Dod,Ghod Dod
9108645107,9108645104,1314,3,3,3,,,,,Ghod Dod,Varachha
9108645106,9108645105,1314,3,3,3,,,,,Ghod Dod,Ghod Dod
9108645106,9108645104,1314,3,3,3,,,,,Ghod Dod,Varachha
9108645105,9108645104,1314,3,3,3,,,,,Ghod Dod,Varachha
9108387781,9108387780,1255,2,2,2,,,,,,
9108360533,9108360531,1035,2,21,10,4,4,2026-07-20,2026-07-20,Navsari,Navsari
9108613938,9108613937,1316,2,9,9,,1,,2026-08-01,Varachha,Adajan
9108864456,9108885542,1762,2,6,12,1,1,2026-08-14,2026-08-14,Ghod Dod,Varachha
9108685439,9108685438,1450,4,19,12,4,3,2026-08-06,2026-08-06,Chikhli,Adajan
9108685442,9108624799,1450,2,19,3,3,3,2026-08-06,2026-08-06,Ghod Dod,No Route
9108868371,9108858713,1717,5,16,5,4,4,2026-08-13,2026-08-13,Kamrej,Kamrej
9108868371,9108853341,1717,2,16,2,4,4,2026-08-13,2026-08-13,Kamrej,Kamrej
9108868371,9108825684,1717,2,16,8,4,4,2026-08-13,2026-08-13,Kamrej,Olpad
9108868371,9108808477,1717,7,16,7,4,4,2026-08-13,2026-08-13,Kamrej,Kamrej
9108858713,9108825684,1717,2,5,8,4,4,2026-08-13,2026-08-13,Kamrej,Olpad
9108750846,9108750843,1562,3,12,16,1,4,2026-08-10,2026-08-08,Udhana,Navsari
9108818348,9108818346,1715,2,3,6,1,1,2026-08-13,2026-08-13,Ghod Dod,Adajan
