clusterId,bucketIstDay,billCount,obdNumbers,distinctSkusTogether_allMembers,distinctSkusSeparate_allMembers,savingPct_allMembers,cappedMemberCount,distinctSkusTogether_capped4,distinctSkusSeparate_capped4,savingPct_capped4,activeLineCount_allMembers,routes,windows,targetDates
W2-1,2026-08-06,276,9108693064;9108725557;9108725554;9108674273;9108674270;9108736611;9108679684;9108720222;9108712655;9108722484;9108727951;9108674271;9108762302;9108739465;9108705049;9108741709;9108741710;9108723759;9108717458;9108717456;9108723758;9108763507;9108763506;9108740285;9108705076;9108744347;9108740565;9108728131;9108709932;9108671391;9108696180;9108672898;9108732237;9108712835;9108710461;9107512394;9108693063;9108693062;9108693061;9108693060;9108693059;9108693058;9108693065;9108721741;9108729264;9108678960;9108675836;9108760404;9108748836;9108521569;9108761314;9108582399;9108717454;9108772101;9108592698;9108763026;9108759007;9108696890;9108742468;9108742467;9108682980;9108770502;9108707293;9108658772;9108665777;9108753323;9108744636;9108719149;9108742469;9108592699;9108772100;9108633885;9108768505;9108633884;9108674272;9108667979;9108632078;9108733429;9108733428;9108752200;9108720396;9108720397;9108720398;9108698743;9108711018;9108725525;9108697440;9108729034;9108685433;9108663489;9108635686;9108724540;9108733859;9108685434;9108663490;9108740401;9108730945;9108735932;9108754001;9108697993;9108749803;9108665669;9108720395;9108714749;9108363370;9108714143;9108702934;9108681394;9108755001;9108665329;9108722442;9108742702;9108687797;9108681398;9108725560;9108644782;9108725561;9108725562;9108725558;9108733725;9108741708;9108684082;9108645698;9108685671;9108723760;9108727953;9108712653;9108725550;9108739463;9108739462;9108725553;9108725556;9108659976;9108725564;9108725563;9108727948;9108723643;9108733439;9108733438;9108727950;9108712654;9108727949;9108727947;9108762304;9108762303;9108674615;9108762301;9108739464;9108742222;9108723761;9108717457;9108763505;9108732882;9108608171;9108732881;9108732879;9108732877;9108732876;9108608175;9108732875;9108732884;9108732883;9108687394;9108583192;9108732874;9108681184;9108720399;9108752201;9108720861;9108686395;9108764606;9108763511;9108733458;9108730733;9108769700;9108766905;9108760506;9108693056;9108693057;9108764706;9108711331;9108742223;9108717455;9108744556;9108642079;9108733221;9108644981;9108514973;9108742466;9108742465;9108742464;9108742463;9108670095;9108686552;9108757001;9108643265;9108686551;9108686553;9108650187;9108761756;9108752111;9108692780;9108678798;9108636297;9108700681;9108686554;9108707998;9108672658;9108738830;9108752900;9108726632;9108054970;9108466860;9107451483;9108633275;9108633273;9108738831;9108633274;9108714140;9108714139;9108754000;9108754003;9108754002;9108714138;9108667984;9108667983;9108667982;9108681393;9108714750;9108704394;9108678473;9108714751;9108667980;9108678474;9108729946;9108714142;9108681395;9108681396;9108537898;9108665331;9108755000;9108681399;9108665332;9108705047;9108681391;9108705048;9108705046;9108713633;9108713634;9108683975;9108632077;9108713076;9108713073;9108713072;9108713071;9108713077;9108702840;9108713074;9108713075;9108725959;9108681392;9108685440;9108725960;9108685439;9108685442;9108624799;9108685441;9108685438;9108608172;9108608169;9108608178;9108608177;9108608176;9108608174;9108694479;9108669153,348,1655,79.0,4,46,117,60.7,1773,(unknown);Adajan;Bardoli;Bharuch;Chikhli;Ghod Dod;IGT / CROSS;Kamrej;Navsari;No Route;Olpad;Udhana;Vapi;Varachha,(none);1;2;3;4,(none);2026-08-06;2026-08-07;2026-08-08;2026-08-10
W2-2,2026-07-10,256,9108200717;9108200723;9108200715;9108200721;9108200718;9108200722;9108200724;9108216648;9108216649;9108216644;9108216641;9108216642;9108216651;9108216640;9108216639;9108216653;9108216652;9108216643;9108192227;9108192226;9108192225;9108192224;9108113788;9108194334;9108194336;9108194339;9108194337;9108194335;9108088061;9108088059;9108088063;9108088062;9108088060;9108088065;9108088064;9108222007;9108222002;9108222008;9108222001;9108222004;9108157893;9108157892;9108222009;9108159895;9108222005;9108159896;9108222000;9108208111;9108208113;9108208110;9108208112;9108182967;9108208108;9108208114;9108208109;9108208721;9108177966;9108217406;9108052275;9108139781;9108139778;9108139784;9108139786;9108139780;9108139779;9108139777;9108139776;9108139775;9108139783;9108210310;9108207913;9108213309;9108217414;9108217415;9108217412;9108217411;9108217409;9108217410;9108217417;9108217416;9108222003;9108217413;9108217418;9108192735;9108192734;9108192732;9108192731;9108192729;9108192727;9108192738;9108192728;9108192733;9108170940;9108170928;9108170932;9108170938;9108170936;9108170935;9108170934;9108170933;9108170930;9108170929;9108176889;9108176888;9108176887;9108224110;9108224117;9108224115;9108224112;9108224111;9108224109;9108224814;9108156891;9108139666;9108170931;9108214242;9108214241;9108214243;9108214230;9108214221;9108214240;9108192632;9108139662;9108221209;9108139675;9108139681;9108149295;9108026580;9108085535;9108222509;9108194657;9107842499;9108152758;9108237812;9108152759;9108214237;9108200719;9108216647;9108088066;9108208610;9108208611;9108208612;9108192736;9108170939;9108224116;9108156892;9108202127;9108202126;9108202125;9108202128;9108139667;9108139672;9108139679;9108139677;9108139670;9108139673;9108139669;9108139668;9108139676;9108139664;9108139661;9108231208;9108229109;9108139678;9108139659;9108139674;9108139660;9108139663;9108214228;9108209533;9108207778;9108170681;9108189657;9108234424;9108123163;9108123162;9108214226;9108214236;9108214235;9108214239;9108214231;9108214224;9108123164;9108214244;9108214220;9108214227;9108214225;9108237801;9108214234;9108237809;9108237807;9108237806;9108214229;9108192631;9108192629;9108192630;9108150782;9108221210;9108237804;9108237803;9108237802;9108237800;9107842498;9107842497;9107842496;9107842495;9108237808;9108149297;9108149296;9108149292;9108149294;9108152755;9108152754;9108203146;9108149299;9108223013;9108236797;9108160998;9108236796;9108149298;9108236795;9108160999;9108203145;9108203144;9108203143;9107842487;9108203142;9108203141;9108203139;9108203138;9108203137;9108203136;9108237810;9108203135;9108203134;9108203133;9108203132;9108203129;9108152757;9108152756;9108203140;9108203131;9108203126;9107842491;9107842486;9107842488;9108203127;9107842494;9108203130;9107842485;9108203128;9108237811;9107842484;9107842489;9107842490;9108203125,259,964,73.1,4,53,80,33.8,1010,(unknown);Adajan;Bardoli;Bharuch;Chikhli;Ghod Dod;Kamrej;Navsari;No Route;Olpad;Udhana;Vansda;Vapi;Varachha,(none);1;2;3;4,(none);2026-07-10;2026-07-11;2026-07-12
W2-3,2026-07-06,243,9107866680;9108086629;9108040097;9107944394;9107921882;9107866681;9107866665;9107866667;9107866666;9107866675;9107866672;9107866671;9107866670;9108056771;9108056774;9108056772;9108056775;9108056773;9108056770;9108056769;9108030863;9108083125;9108039566;9108039569;9108039568;9108039567;9108039570;9108047655;9108047656;9108047653;9108084336;9107778797;9108111302;9106729551;9108049268;9108092922;9108025357;9107779390;9107880084;9108084543;9108084541;9108007982;9108084542;9108045290;9108109807;9108094235;9108058644;9108097915;9108058641;9108058639;9108081423;9108058642;9108011496;9108097916;9108058640;9108058638;9108058643;9108090636;9108042158;9108042157;9108094406;9108042156;9108042155;9108096834;9108090637;9108096833;9108042161;9108103121;9108038198;9108038193;9108038197;9108038196;9108038194;9108035974;9108030368;9108110805;9108042153;9108042154;9108021614;9108050593;9108050592;9108050591;9108042160;9108025578;9108042159;9108025195;9108025577;9108025576;9108102532;9108025579;9108050594;9108104924;9108104923;9108104915;9108104914;9108104926;9108104917;9108104916;9108104920;9108104925;9108087041;9108045979;9108101613;9108115108;9108115106;9108105319;9108042073;9108105318;9108051758;9108115107;9108121502;9108121504;9107955466;9108104723;9107975150;9107955467;9108054540;9108004272;9107868271;9108122700;9108119701;9106718188;9108052051;9108072537;9108085734;9108115509;9108115510;9108085736;9108103840;9108085737;9108054868;9108052463;9108109311;9108080350;9107988092;9107988091;9108064089;9107955373;9107834096;9108080351;9108080349;9108078590;9108010135;9108010134;9108105235;9108010130;9108105128;9108105123;9108105122;9108105121;9108105127;9108105126;9108105125;9108105124;9108010133;9108010132;9108010131;9108116613;9108116612;9108116611;9108116610;9108116614;9108011996;9108046150;9108046149;9108046148;9108046151;9108011998;9108011997;9108053683;9108043996;9108101830;9108056939;9108125105;9108125104;9108125103;9108122630;9108054882;9108101529;9108039391;9108125102;9108117723;9108103656;9108054881;9108125106;9108068541;9108098860;9108076892;9108086183;9108097035;9108097033;9108097034;9108097032;9108093044;9108086185;9108086184;9108093043;9108086181;9108070429;9108070427;9108086182;9108106741;9108106740;9108105931;9108106743;9108106742;9108070428;9108124220;9108124222;9108124221;9108124234;9108124230;9108124228;9108124229;9108060065;9108060064;9108060063;9108060067;9108124227;9108060066;9108060062;9108060061;9108128806;9108047089;9107866678;9107866677;9107866676;9107866674;9107866673;9107866679;9108104922;9108104921;9108104918;9108056054;9108086057;9108098932;9108124223;9108128805;9108128804;9108128803;9108124232;9108124231;9108124233,374,1775,78.9,4,74,114,35.1,1902,(unknown);Adajan;Bardoli;Bharuch;Chikhli;Ghod Dod;IGT / CROSS;Kamrej;Navsari;Udhana;Vansda;Vapi;Varachha,(none);1;2;3,(none);2026-07-07;2026-07-12;2026-07-13
W2-4,2026-08-12,187,9108786671;9108813552;9108642487;9108813551;9108865005;9108749725;9108789766;9108797052;9108797059;9108863428;9108799386;9108799385;9108799384;9108799383;9108863430;9108863427;9108873116;9108747076;9108863425;9108797054;9108873111;9108747078;9108862915;9108873115;9108873114;9108873113;9108814761;9108853492;9108873112;9108813553;9108813549;9108813547;9108843527;9108813548;9108813550;9108865003;9108865001;9108796097;9108796099;9108749724;9108865004;9108865002;9108865000;9108788497;9108796098;9108865006;9108797051;9108797056;9108797057;9108863429;9108804258;9108730392;9108814762;9108831654;9108797058;9108822386;9108825679;9108822476;9108524979;9108833248;9108835043;9108841340;9108814755;9108802563;9108850535;9108850534;9108850533;9108850532;9108850531;9108850530;9108850529;9108850528;9108850527;9108862916;9108851060;9108862705;9108745185;9108844636;9108741755;9108767658;9108854440;9108814760;9108817146;9108747079;9108835554;9108835555;9108659626;9108659625;9108659627;9108845018;9108822374;9108822373;9108739339;9108778983;9108778984;9108844637;9108642489;9108642486;9108642490;9108818348;9108818346;9108818349;9108818347;9108734894;9108642491;9108804382;9108804384;9108524977;9108524975;9108524974;9108524978;9108825677;9108825671;9108814754;9108819458;9108819457;9108819456;9108819455;9108819452;9108841341;9108819454;9108825682;9108825676;9108833252;9108833251;9108825678;9108868373;9108868372;9108814756;9108819459;9108825670;9108868371;9108858713;9108854636;9108853341;9108840027;9108825684;9108825683;9108825681;9108825672;9108833250;9108833249;9108833247;9108825673;9108868374;9108802561;9108766793;9108802566;9108802565;9108802564;9108802562;9108766791;9108766792;9108766789;9108766788;9108842227;9108872613;9108833246;9108842228;9108834144;9108849440;9108825680;9108825675;9108808477;9108825674;9108868375;9108850536;9108865712;9108841426;9108841425;9108834146;9108834145;9108818554;9108851061;9108818555;9108822740;9108770878;9108767659;9108846040;9108846036;9108846035;9108827063;9108846038;9108747075;9108854441;9108846037;9108846039,281,803,65.0,4,55,67,17.9,833,(unknown);Adajan;Bardoli;Bharuch;Chikhli;Ghod Dod;Kamrej;Navsari;No Route;Olpad;Parvat;Udhana;Vansda;Vapi;Varachha,(none);1;2;3;4,(none);2026-08-12;2026-08-13
W2-5,2026-07-15,160,9108290233;9108264358;9108264357;9108264356;9108315411;9108309007;9108245755;9108246777;9108258240;9108277413;9108268380;9108301919;9108301924;9108251083;9108251080;9108290839;9108304612;9108297433;9108275748;9108275071;9108216985;9108252287;9108216983;9108216981;9108285728;9108291655;9108216982;9108216984;9108167483;9108264359;9108269861;9108269859;9108269857;9108269856;9108269854;9108269855;9108278325;9108269858;9108278324;9108278322;9108080580;9108150393;9107978241;9108256548;9108229882;9108257773;9108150392;9108247176;9108249053;9108249054;9108249055;9108257772;9108244342;9108235328;9108277735;9108277736;9108257768;9108277738;9108257771;9108235329;9108269862;9108301923;9108301918;9108301922;9108301917;9108301916;9107935572;9107935570;9107935571;9108301920;9108317111;9108257597;9108080579;9108080582;9108303909;9108303907;9108303908;9108269984;9108269986;9108269988;9108269985;9108279279;9108279280;9108080581;9108080578;9108307503;9108284868;9108284871;9108256472;9108268521;9108284870;9108294843;9108296511;9108304203;9107935573;9108295605;9108295604;9108295606;9108150186;9108279875;9108150190;9108279876;9108279878;9108150188;9108301921;9108301913;9108301915;9108302119;9108301927;9108301926;9108315400;9108315401;9108315403;9108302117;9108302122;9108251082;9108302315;9108251081;9108302316;9108302120;9108267692;9108304613;9108312722;9108312720;9108304616;9108304614;9108248478;9108248479;9108248481;9108248477;9108248476;9108304617;9108312725;9108252286;9108210183;9108312723;9108312724;9108257590;9108312728;9108275072;9108263848;9108285729;9108250598;9108239668;9108291880;9108291879;9108239669;9108318605;9108239672;9108318606;9108283039;9108239671;9108279885;9108279882;9108279883;9108279884;9108317109;9108317108;9108317110;9108257770,218,600,63.7,4,31,36,13.9,632,(unknown);Adajan;Bardoli;Bharuch;Chikhli;Ghod Dod;Kamrej;Navsari;No Route;Olpad;Parvat;Udhana;Vansda;Vapi;Varachha,(none);1;2;3;4,(none);2026-07-15;2026-07-16
W2-6,2026-06-25,147,9107725277;9107725275;9107725273;9107725272;9107725280;9107725279;9107725270;9107725276;9107816384;9107816383;9107854237;9107816382;9107873713;9107903010;9107903009;9107903008;9107903007;9107873714;9107887910;9107887911;9107722982;9107845457;9107845454;9107845453;9107797765;9107797770;9107797769;9107797768;9107797766;9107797764;9107797763;9107797767;9107900119;9107758774;9107758773;9107758772;9107758771;9107886716;9107900122;9107900120;9107900118;9107865276;9107900116;9107900117;9107886718;9107886720;9107859116;9107859115;9107859119;9107841232;9107859118;9107859120;9107859117;9107847061;9107870424;9107870423;9107862850;9107862849;9107862848;9107862847;9107837391;9107837389;9107894624;9107894623;9107894622;9107894625;9107894620;9107894619;9107894618;9107894617;9107894616;9107857656;9107907162;9107907161;9107907159;9107835381;9107835380;9107918801;9107918800;9107918805;9107918804;9107918803;9107908509;9107918808;9107896736;9107918809;9107918806;9107846482;9107896737;9107918807;9107842178;9107678325;9107842176;9107870446;9107857394;9107678324;9107857390;9107857389;9107857391;9107842177;9107856693;9107842181;9107842182;9107842179;9107842180;9107842183;9107857392;9107870444;9107811085;9107811089;9107811088;9107918902;9107918903;9107826096;9107917614;9107917613;9107917612;9107917611;9107917610;9107917609;9107917608;9107917607;9107917606;9107918901;9107811082;9107811084;9107811083;9107811081;9107859580;9107859579;9107858054;9107842168;9107842169;9107842170;9107842165;9107842166;9107842167;9107842171;9107842172;9107842173;9107842174;9107842175;9107923111;9107910102;9107772694;9107923110;9107925700,226,658,65.7,4,39,119,67.2,764,(unknown);Adajan;Bharuch;Chikhli;Ghod Dod;IGT / CROSS;Kamrej;Navsari;Olpad;Udhana;Vapi;Varachha,(none);1,(none);2026-06-28
W2-7,2026-06-22,130,9107806247;9107738368;9107777887;9107807642;9107629376;9107836304;9107810921;9107810920;9107810919;9107810924;9107810923;9107783263;9107699093;9107803112;9107815940;9107815939;9107733342;9107733341;9107733340;9107803113;9107775148;9107815941;9107783265;9107760275;9107760273;9107760271;9107754347;9107760270;9107760268;9107699092;9107659453;9107699091;9107659452;9107659451;9107765311;9107709386;9107772934;9106535897;9107825507;9107825505;9107825506;9107326642;9107825509;9106535896;9107659446;9107786056;9107640056;9107597593;9107781779;9107254245;9107532487;9107532488;9107768273;9107790773;9107721492;9107799058;9107698833;9107786459;9107799057;9107801475;9106626572;9106626574;9106626573;9107817132;9107817131;9107817130;9107366235;9107786458;9107786457;9107366238;9107786460;9107366234;9107799354;9107786456;9107786455;9107786453;9107786452;9107788760;9107678764;9107678761;9107678759;9107678758;9107678757;9107678756;9107678755;9107812662;9107772638;9107447281;9107678762;9107812663;9107807639;9107812661;9107807641;9107803111;9107699094;9107760274;9107659449;9106535899;9107366236;9107799355;9107799349;9107822336;9107776867;9107751879;9107751881;9107751880;9107678765;9107674669;9107674667;9107807640;9107819700;9107750443;9107760269;9107709385;9107273648;9107827209;9107771557;9107771556;9106629812;9107743919;9107773266;9107743917;9106622242;9107784674;9107784673;9107784672;9107784671;9107784670;9106604243;9107743918,206,549,62.5,4,40,52,23.1,568,(unknown);Adajan;Bharuch;Chikhli;Ghod Dod;Kamrej;Navsari;Parvat;Udhana;Vansda;Vapi;Varachha,(none);1,(none);2026-06-28
W2-8,2026-06-29,113,9107800372;9107987821;9107987820;9107975521;9107975517;9107975522;9107800373;9107911675;9107911676;9107929277;9107944928;9107962959;9107970543;9107975944;9107958560;9107898348;9107898346;9107898349;9107976401;9107790598;9107790599;9107790597;9107794237;9107969923;9107754662;9107754659;9107754665;9107754664;9107754663;9107754661;9107975743;9107975741;9107975742;9107975739;9107975740;9107897683;9107918555;9107918554;9107918553;9107975738;9107946937;9107975439;9107904483;9107794238;9107898345;9107918552;9107975437;9107975442;9107892981;9107892983;9107892982;9107892980;9107946933;9107946932;9107910686;9107910684;9107975438;9107910688;9107910685;9107946935;9107910687;9107910683;9107871486;9107965626;9107965625;9107789848;9107789847;9107871488;9107789850;9107789851;9107789849;9107871485;9107871484;9107789846;9107965019;9107965022;9107965020;9107965024;9107965018;9107967125;9107967124;9107967126;9107967123;9107893588;9107893589;9107893587;9107793159;9107946773;9107910857;9107946772;9107946771;9107910858;9107910859;9107910860;9107835797;9107962619;9107962618;9107962617;9107962614;9107968214;9107774490;9107960053;9107960052;9107960050;9107960049;9107960048;9107957666;9107957668;9107957667;9107957665;9107957663;9107958774;9107938169,194,424,54.2,4,83,97,14.4,435,(unknown);Adajan;Bardoli;Bharuch;Chikhli;Ghod Dod;Kamrej;Navsari;No Route;Parvat;Udhana;Vansda;Vapi;Varachha,(none);4,(none);2026-07-03
W2-9,2026-07-25,100,9108185689;9108219526;9108526102;9108437380;9108505627;9108196578;9108522116;9108513937;9108477072;9108470085;9108470084;9108203546;9108465079;9108494818;9108516309;9108490184;9108185690;9108481169;9108481170;9108289469;9108434580;9108434581;9108242796;9108242794;9108491912;9108357547;9108357546;9108242792;9108242793;9108526111;9108526108;9108526107;9108526106;9108526104;9108526114;9108526113;9108526105;9108526112;9108526110;9108526109;9108526103;9108437377;9108437379;9108437378;9108477646;9108505625;9108505624;9108505626;9108506660;9108474281;9108484113;9108493357;9108516212;9108516214;9108516208;9108516210;9108516211;9108516213;9108443981;9108443982;9108433691;9108413991;9108445195;9108445196;9108445194;9108493355;9108493356;9108465950;9108466919;9108461855;9108470086;9108493358;9108510323;9108470088;9108470087;9108477073;9108493359;9108454362;9108454359;9108467569;9108497024;9108497025;9108432263;9108385368;9108509242;9108466243;9108448062;9108277097;9108356973;9108277096;9108387991;9108277098;9108203545;9108203548;9108203550;9108203547;9108483728;9108234195;9108527400;9108382714,161,371,56.6,4,31,49,36.7,383,(unknown);Adajan;Bardoli;Ghod Dod;Kamrej;Navsari;Udhana;Vapi;Varachha,(none);1;2;3;4,(none);2026-07-25;2026-07-27
W2-10,2026-06-20,99,9107773834;9107722154;9107738339;9107734550;9107802211;9107761047;9107802212;9107786989;9107706385;9107802216;9107780131;9107500882;9107786991;9107780134;9107802219;9107500878;9107701891;9107500883;9107500874;9107678748;9107780136;9107802213;9107706386;9107789828;9107775239;9107500880;9107500881;9107678747;9107706387;9107789827;9107773832;9107780132;9107802220;9107500875;9107780137;9107735582;9107735581;9107759039;9107711989;9107798483;9107802224;9107711978;9107711984;9107802225;9107711986;9107711981;9107711982;9107770846;9107771517;9107808100;9107526799;9107711983;9107808101;9107802226;9107780130;9107780133;9107780135;9107789830;9107786988;9107483568;9107655236;9107655237;9107767161;9107767162;9107767163;9107722153;9107722155;9107796939;9107541889;9107744262;9107744261;9107774957;9107541877;9107541878;9107541879;9107541880;9107541881;9107541885;9107541886;9107541887;9107541876;9107541882;9107541883;9107541884;9107701892;9107802215;9107678746;9107802217;9107800929;9107750187;9107802218;9107706383;9107786987;9107786990;9107791721;9107735583;9107767164;9107767166;9107561290,163,387,57.9,4,33,36,8.3,396,(unknown);Adajan;Bardoli;Bharuch;Ghod Dod;Kamrej;Navsari;Parvat;Udhana;Vansda;Vapi;Varachha,(none);1,(none);2026-06-28
W2-11,2026-07-13,96,9108233582;9108215384;9108108178;9108190066;9108248921;9108190065;9108240334;9108259701;9108195353;9108212244;9108186471;9107829142;9108179682;9108179686;9108179684;9108117193;9107881362;9108267630;9108263507;9108176598;9108176596;9108257701;9108176597;9108123181;9108257702;9108123180;9108176594;9108176599;9108176595;9108268007;9108194162;9108194165;9108249610;9108259707;9108259706;9108259704;9108259705;9108259700;9108259708;9108268003;9108268004;9108268001;9108268002;9108259702;9108123177;9108173971;9108236014;9108173970;9108236013;9108212242;9108212240;9108212241;9108204062;9108204063;9108153564;9108153563;9108153560;9108153559;9108265801;9108128199;9108265802;9107986644;9108254316;9108254312;9107829139;9107829141;9107829140;9108224633;9108224632;9108179679;9108224628;9108224631;9108179681;9108224629;9108224630;9108263511;9108263510;9108263506;9108254314;9108268016;9108263516;9108263518;9108263517;9108124098;9108268015;9108268014;9108248945;9108268013;9108268012;9108272101;9108269036;9108160599;9108268006;9108268005;9108268000;9108179683,146,300,51.3,4,45,48,6.3,311,(unknown);Adajan;Bharuch;Chikhli;Ghod Dod;Kamrej;Navsari;No Route;Udhana;Vapi;Varachha,(none);1;2;3;4,(none);2026-07-13;2026-07-14
W2-12,2026-08-14,72,9108865969;9108913507;9108767487;9108866334;9108865971;9108819763;9108767489;9108703169;9108819764;9108851590;9108876738;9108885543;9108885544;9108904565;9108904561;9108904558;9108885546;9108864456;9108864455;9108904566;9108869853;9108906956;9108869854;9108906957;9108904568;9108885542;9108904571;9108904569;9108904564;9108833385;9108904556;9108886263;9108886268;9108886262;9108886264;9108904570;9108904567;9108904560;9108904559;9108904557;9108876979;9108876978;9108892440;9108892437;9108916308;9108916307;9108916305;9108892438;9108794252;9108892436;9108887286;9108887288;9108794249;9108794248;9108794251;9108840570;9108819557;9108887287;9108851587;9108911806;9108794253;9108780684;9108890035;9108890034;9108890032;9108890033;9108780685;9108780686;9108780683;9108780681;9108883357;9108872078,147,279,47.3,4,17,21,19.0,285,(unknown);Adajan;Bardoli;Bharuch;Ghod Dod;Kamrej;Navsari;Udhana;Vapi;Varachha,(none);1;2;3;4,(none);2026-08-14;2026-08-15
W2-13,2026-08-10,70,9108740442;9108760958;9108721466;9108806106;9108770331;9108731760;9108754659;9108652450;9108652451;9108792818;9108748168;9108748170;9108727794;9108814900;9108803215;9108793637;9108793635;9108821800;9108785841;9108813818;9108813817;9108722979;9108794114;9108751648;9108804217;9108804216;9108804218;9108754654;9108814901;9108652452;9108509775;9108509773;9108509779;9108509772;9108509778;9108785839;9108785843;9108785844;9108793633;9108793636;9108770342;9108770341;9108770340;9108627098;9108821802;9108821801;9108652464;9108652462;9108652460;9108652459;9108652467;9108652466;9108758490;9108758486;9108813815;9108813816;9108652461;9108819626;9108751652;9108794112;9108781140;9108781144;9108781138;9108781143;9108751654;9108751653;9108721465;9108751649;9108789414;9108789413,123,281,56.2,4,37,48,22.9,287,Adajan;Bharuch;Chikhli;Ghod Dod;Kamrej;Navsari;Udhana;Vapi;Varachha,(none);1;2;3;4,(none);2026-08-10;2026-08-11;2026-08-12
W2-14,2026-06-18,65,9107758015;9107765406;9107684363;9107699266;9107699267;9107699268;9107699269;9107699270;9107710834;9107725026;9107725327;9107741305;9107719254;9107719255;9107755206;9107755210;9107719256;9107755215;9107674942;9107755214;9107746911;9107746914;9107746907;9107746909;9107746908;9107746913;9107746919;9107746906;9107723448;9107762900;9107716978;9107742249;9107716980;9107723451;9107742248;9107723449;9107616897;9107723446;9107616899;9107616896;9107723445;9107723450;9107716979;9107723447;9107504489;9107592660;9107739039;9107739038;9107739034;9107739037;9107739040;9107739042;9107566674;9107739035;9107758016;9107644970;9107679951;9107725328;9107703452;9107703454;9107704476;9107704475;9107704477;9107739044;9107763726,115,235,51.1,4,46,56,17.9,241,(unknown);Adajan;Bardoli;Bharuch;Chikhli;Ghod Dod;Kamrej;Navsari;Olpad;Udhana;Vapi;Varachha,(none),(none)
W2-15,2026-08-08,63,9108782325;9108729380;9108707647;9108743045;9108794205;9108739145;9108712288;9108740750;9108739143;9108714569;9108714573;9108730893;9108776108;9108688997;9108750846;9108696553;9108759547;9108759551;9108759549;9108759548;9108796631;9108777149;9108777148;9108777150;9108777151;9108673984;9108673986;9108687093;9108764447;9108764445;9108801703;9108730894;9108730895;9108707651;9108771373;9108794204;9108759543;9108759545;9108714572;9108712290;9108764446;9108740431;9108740430;9108647682;9108601991;9108747538;9108776740;9108601992;9108769534;9108601990;9108687091;9108732098;9108601993;9108750843;9108756147;9108756145;9108756144;9108756143;9108756142;9108756141;9108687094;9108762763;9108756146,110,269,59.1,4,44,83,47.0,271,Adajan;Bardoli;Bharuch;Ghod Dod;Kamrej;Navsari;No Route;Udhana;Vapi;Varachha,(none);1;2;3;4,(none);2026-08-08;2026-08-10
W2-16,2026-07-30,58,9108577978;9108544261;9108609627;9108595087;9108566062;9108592733;9108592734;9108589977;9108590247;9108590245;9108621516;9108626403;9108526637;9108609002;9108581057;9108600361;9108563984;9108607808;9108563980;9108563979;9108577977;9108599679;9108599678;9108599677;9108558885;9108575073;9108577981;9108498772;9108629006;9108546582;9108546581;9108621515;9108612819;9108612818;9108618421;9108571448;9108571446;9108571445;9108571444;9108571443;9108411674;9108630505;9108613911;9108613910;9108525193;9108573562;9108590190;9108544262;9108609623;9108582547;9108582546;9108609628;9108587548;9108582545;9108582548;9108582549;9108568980;9108538695,129,226,42.9,4,37,47,21.3,231,Adajan;Bharuch;Ghod Dod;Kamrej;Navsari;Udhana;Vapi;Varachha,(none);1;2;3;4,(none);2026-07-30;2026-07-31
W2-17,2026-06-30,57,9107991415;9107991414;9107991412;9107884068;9107972032;9107986221;9107757068;9108002807;9108002809;9108002808;9107757066;9107757067;9107757065;9108008411;9108008409;9108008407;9108008404;9107919294;9108008406;9107919293;9107958872;9107958871;9108006722;9108006728;9107919296;9108006724;9108006723;9108006720;9107998935;9108006721;9107936270;9107936269;9107981931;9107948549;9107948548;9107948550;9107898754;9107898749;9107898750;9107898751;9107898747;9107974152;9108009809;9108006908;9107992344;9107992342;9107992343;9107992345;9107992341;9107989243;9108007303;9108007304;9108006909;9108006907;9107930335;9107998887;9107660370,111,237,53.2,4,4,10,60.0,239,(unknown);Adajan;Bardoli;Bharuch;Chikhli;Ghod Dod;IGT / CROSS;Kamrej;Navsari;Parvat;Udhana;Vansda;Vapi;Varachha,(none);4,(none);2026-07-03
W2-18,2026-08-05,56,9108655660;9108707014;9108679443;9108724804;9108724807;9108724806;9108726305;9108726302;9108714986;9108724607;9108687993;9108724608;9108695436;9108695435;9108687994;9108633260;9108357591;9108684329;9108581869;9108700133;9108700132;9108694650;9108657557;9108189896;9108490769;9108490766;9108726304;9108726303;9108693334;9108693333;9108726301;9108726300;9108693335;9108484592;9108529296;9108529294;9108724609;9108687989;9108596695;9108484593;9108687992;9108687990;9108697018;9108626398;9107830680;9108734001;9108678174;9108710644;9108710641;9108647167;9108680771;9108672835;9108672837;9108697837;9108680561;9108629284,112,222,49.5,4,53,65,18.5,230,Adajan;Bardoli;Bharuch;Chikhli;Ghod Dod;Kamrej;Navsari;No Route;Udhana;Vapi;Varachha,(none);1;2;3;4,(none);2026-08-05;2026-08-06
W2-19,2026-07-11,53,9108231506;9108102380;9108147167;9108231507;9108161343;9108171685;9108171682;9108160386;9108122434;9108240821;9108154150;9108083492;9108083493;9108231505;9108102381;9108179326;9108242605;9108171689;9108175575;9108242604;9108242608;9108242603;9108242601;9108242600;9108171698;9108242606;9108171690;9108197272;9108197270;9108171688;9108213244;9108171699;9108171696;9108171684;9108171686;9108171683;9108171681;9108171680;9108171697;9108171687;9108246200;9108231819;9108227123;9108239116;9108183897;9108222121;9108218972;9108245702;9108204349;9108199345;9108229014;9108245703;9108191284,55,126,56.3,4,21,26,19.2,132,Adajan;Bharuch;Ghod Dod;Navsari;Vapi;Varachha,(none);1;2;3;4,(none);2026-07-11;2026-07-12
W2-20,2026-06-23,48,9107834707;9107834709;9107827923;9107826222;9107826223;9106568671;9107783273;9107833506;9107343776;9107642498;9107194979;9107454957;9107810148;9107827924;9107834326;9106582886;9107244281;9107709388;9107709391;9107709392;9107848100;9107848106;9107848104;9107848103;9107848102;9107841810;9107623129;9107321529;9107834327;9106582881;9106582880;9107244285;9107244282;9107244284;9106634249;9107630477;9107634947;9106634244;9107634948;9107813244;9106634247;9107720562;9107836510;9107810151;9107842914;9107842917;9107842916;9107709390,103,184,44.0,4,37,40,7.5,186,(unknown);Adajan;Bharuch;Ghod Dod;Navsari;Parvat;Vapi;Varachha,(none),(none)
W2-21,2026-07-27,48,9108534003;9108397288;9108461728;9108512055;9108531019;9108531021;9108466584;9108517769;9108534006;9108534004;9108534007;9108457649;9108457650;9108461727;9108501165;9108512054;9108512052;9108512051;9108468055;9108468052;9108468051;9108387850;9108386419;9108476153;9108476151;9108476148;9108505439;9108522620;9108540500;9108436891;9108436893;9108542736;9108531808;9108478969;9108531810;9108531807;9108532923;9108495249;9108495248;9108547528;9108387725;9108387724;9108407066;9108526705;9108483742;9108476755;9108483741;9108476756,107,191,44.0,4,30,33,9.1,193,(unknown);Adajan;Bardoli;Bharuch;Ghod Dod;Kamrej;Navsari;Parvat;Udhana;Vansda;Vapi;Varachha,(none);1;2;3;4,(none);2026-07-27;2026-07-28
W2-22,2026-07-01,47,9108014819;9107794297;9107994029;9107994032;9107994031;9107994030;9107794295;9107794296;9108014822;9108014821;9108014820;9107760787;9107768689;9107768685;9107939880;9107970252;9107970254;9108010111;9108010112;9107980147;9107968379;9108029933;9107968381;9107968380;9108029934;9108001122;9108001128;9108001124;9108001531;9107808675;9107808672;9107808676;9107808679;9107808670;9107870099;9107870097;9107870096;9107916470;9107991563;9107992481;9108002637;9108002633;9107992351;9107913799;9107913798;9108024706;9108024705,152,260,41.5,4,75,102,26.5,266,(unknown);Adajan;Ghod Dod;Kamrej;Navsari;Parvat;Udhana;Vansda;Vapi;Varachha,(none);4,(none);2026-07-03
W2-23,2026-08-03,45,9108667126;9108608127;9108608126;9108226949;9107777076;9108613399;9108677314;9108545187;9108639075;9108608687;9108608686;9107777075;9108670706;9108651322;9108670708;9108505276;9108660018;9108481472;9108680813;9108608685;9108680204;9108680202;9108680201;9108629231;9108680200;9108680205;9108671519;9108676902;9108651631;9108642826;9108642974;9108651629;9108651628;9108651632;9108615145;9108676401;9108584198;9108642830;9108642829;9108598866;9108676503;9108653038;9108680203;9108671520;9108556099,105,180,41.7,4,32,36,11.1,189,(unknown);Adajan;Ghod Dod;Navsari;No Route;Udhana;Vansda;Vapi;Varachha,(none);1;2;3;4,(none);2026-08-03;2026-08-04
W2-24,2026-07-20,43,9108329877;9108393203;9108391529;9108318442;9108403811;9108379039;9108282196;9108282197;9108263294;9108263295;9108263293;9108342470;9108322699;9108388714;9108385906;9108251999;9108344025;9108344027;9108344028;9108356055;9108157466;9108396902;9108396402;9108392309;9108370340;9108318295;9108342125;9108342126;9108388725;9108388727;9108397311;9108397308;9108332151;9108232180;9108378240;9108322211;9108360534;9108380945;9108360533;9108360531;9108391531;9108384911;9108318440,111,193,42.5,4,35,37,5.4,198,Adajan;Bharuch;Chikhli;Ghod Dod;Kamrej;Navsari;Udhana;Varachha,(none);1;2;3;4,(none);2026-07-20;2026-07-21
W2-25,2026-07-07,42,9108156632;9108156650;9108156635;9108156631;9108156627;9108156649;9108156648;9108156647;9108156646;9108156645;9108156642;9108156640;9108156639;9108156638;9108156637;9108156636;9108156616;9108156621;9108156634;9108156633;9108156626;9108156625;9108156623;9108156619;9108156618;9108156610;9108156609;9108156608;9108156607;9108156617;9108156630;9108156620;9108156622;9108156615;9108156614;9108156613;9108156612;9108156641;9108156624;9108156611;9108156644;9108156643,1,42,97.6,4,1,4,75.0,43,Adajan;Ghod Dod,(none),(none)
W2-26,2026-06-26,41,9107936904;9107936903;9107936902;9107936901;9107783593;9107936905;9107884371;9107884370;9107881682;9107830174;9107899769;9107881681;9107936205;9107936206;9107936209;9107936208;9107923418;9107923414;9107923413;9107899066;9107899064;9107899065;9107931928;9107931926;9107942413;9107942411;9107923728;9107945800;9107945804;9107945802;9107867425;9107878767;9107845494;9107890329;9107878768;9107943319;9107943325;9107943326;9107943321;9107943318;9107878744,94,148,36.5,4,48,58,17.2,152,(unknown);Adajan;Bardoli;Ghod Dod;IGT / CROSS;Kamrej;Navsari;Udhana;Vansda;Vapi;Varachha,(none);1,(none);2026-06-27;2026-06-28
W2-27,2026-07-04,40,9108088427;9108088426;9108062761;9108088429;9108062763;9108078457;9108072336;9108078455;9108078456;9108078453;9108078458;9107985371;9108011856;9107975146;9107975147;9107975144;9107975143;9107975142;9107975141;9108011854;9107990135;9107990131;9107990130;9107990134;9107990132;9108027157;9108084116;9108084113;9108084117;9108055964;9108055963;9108102401;9108055966;9108052373;9108080746;9107967583;9107967582;9107967579;9108085625;9108071449,108,190,43.2,4,67,74,9.5,197,(unknown);Adajan;Bardoli;Ghod Dod;Navsari;Olpad;Udhana;Vapi,(none);1;2,(none);2026-07-04;2026-07-07
W2-28,2026-07-31,38,9108569964;9108538697;9108624003;9108630605;9108630607;9108538694;9108492555;9108624004;9108624002;9108629510;9108626218;9108620116;9108630611;9108632405;9108630610;9108630609;9108630608;9108622853;9108595248;9108598982;9108566099;9108566098;9108566097;9108566096;9108566095;9108536437;9108642951;9108511198;9108645108;9108645107;9108645106;9108645105;9108645104;9108637007;9108637006;9108637005;9108613938;9108613937,47,122,61.5,4,4,11,63.6,123,Adajan;Bardoli;Bharuch;Chikhli;Ghod Dod;Navsari;Udhana;Vansda;Vapi;Varachha,(none);1;2;4,(none);2026-07-31;2026-08-01
W2-29,2026-08-07,33,9108720198;9108746421;9108746420;9108746419;9108654461;9108717621;9108779302;9108779303;9108764381;9108665695;9108740054;9108539795;9108731225;9108731223;9108726946;9108731226;9108635575;9108635576;9108738018;9108688186;9108754460;9108755789;9108774724;9108665970;9108614495;9108656968;9108778409;9108633789;9108633788;9108696353;9108696352;9108770106;9108773518,100,158,36.7,4,78,89,12.4,168,Adajan;Bardoli;Ghod Dod;Navsari;Parvat;Udhana;Vapi;Varachha,(none);1;2;3;4,(none);2026-08-07;2026-08-08
W2-30,2026-07-03,30,9108069448;9108069447;9108069445;9108069444;9108069446;9108069450;9107804686;9108073415;9108073411;9108073410;9107804689;9107804685;9108073412;9108053345;9107993885;9107993888;9107993890;9107993887;9107993892;9107993891;9107993889;9107993886;9107763987;9108040034;9108040031;9108050851;9108075524;9108075531;9108075527;9108075526,79,124,36.3,4,41,47,12.8,124,Adajan;Ghod Dod;Kamrej;Navsari;Udhana;Varachha,(none);4,(none);2026-07-03
W2-31,2026-07-28,30,9108526925;9108544643;9108526923;9108514581;9108501469;9108548032;9108544644;9108513644;9108526922;9108541634;9108513256;9108514205;9108540635;9108514210;9108540636;9108559925;9108559919;9108423285;9108423284;9108423279;9108423278;9108423277;9108514578;9107379599;9108486721;9108486718;9108513291;9108575300;9108499361;9108567411,87,145,40.0,4,20,29,31.0,148,Adajan;Bharuch;Chikhli;Ghod Dod;Kamrej;Navsari;Udhana;Vapi;Varachha,(none);1;2;3;4,(none);2026-07-28;2026-07-29
W2-32,2026-06-17,29,9107725112;9107680574;9107725113;9107728721;9107691481;9107649286;9107726305;9107720907;9107726306;9107683839;9107680577;9107720906;9107712208;9107728717;9107720914;9107649287;9107691483;9107728719;9107657894;9107657892;9107707276;9107707277;9107730410;9107657895;9107665598;9107623097;9107725108;9107665596;9107665597,72,123,41.5,4,17,22,22.7,125,(unknown);Adajan;Bardoli;Bharuch;Ghod Dod;Kamrej;Navsari;Parvat;Udhana;Vapi;Varachha,(none),(none)
W2-33,2026-07-17,24,9108351810;9108336968;9108336971;9108341844;9108341843;9108319732;9108303763;9108305956;9108305957;9108295066;9108224571;9108351808;9108359704;9108359705;9108324928;9108336969;9108344218;9108344220;9108316256;9108316255;9108344391;9108324931;9108303766;9108286384,50,77,35.1,4,17,19,10.5,80,Adajan;Ghod Dod;Navsari;No Route;Udhana;Varachha,(none);1;2;3;4,(none);2026-07-17;2026-07-18
W2-34,2026-07-18,23,9108249962;9108318367;9108318356;9108367911;9108286158;9108318366;9108318363;9108318358;9108364724;9108364311;9108186570;9108186569;9108350940;9108382306;9108384900;9108054697;9108357735;9108181997;9108357734;9108054696;9108054698;9108294791;9108382303,39,73,46.6,4,9,14,35.7,74,Adajan;Chikhli;Ghod Dod;Kamrej;Navsari;Udhana;Vapi;Varachha,(none);1;2;3;4,(none);2026-07-18;2026-07-19
W2-35,2026-07-07,23,9108086461;9108086460;9108117322;9108117328;9108133427;9108133424;9108133423;9108133416;9108133420;9108133419;9108133412;9107955487;9108081040;9108131521;9108114674;9108114669;9108114672;9108114675;9108114673;9108156604;9108156605;9108156606;9108047094,74,134,44.8,4,37,44,15.9,139,Adajan;Bardoli;Chikhli;Ghod Dod;Kamrej;Navsari;Olpad;Varachha,(none);1,(none);2026-07-09
W2-36,2026-06-24,22,9107743929;9107743931;9107862733;9107862730;9107880907;9107835889;9107447294;9107670169;9107882607;9107858014;9107882605;9107882603;9107884721;9107884722;9107807869;9107760737;9107860634;9107875112;9107875115;9107891614;9107891606;9107841950,38,59,35.6,4,13,16,18.8,60,(unknown);Adajan;Bardoli;Ghod Dod;Navsari;Vapi;Varachha,(none),(none)
W2-37,2026-08-06,20,9108725549;9108725548;9108725546;9108725542;9108725540;9108725541;9108725545;9108725544;9108725543;9108725547;9108723763;9108747510;9108597748;9108679562;9108738832;9108725552;9108765000;9108608170;9108722382;9108713632,6,25,76.0,4,2,5,60.0,25,Adajan;Bharuch;Ghod Dod;Navsari,(none);1;2;3;4,(none);2026-08-06;2026-08-10
W2-38,2026-07-29,20,9108585436;9108585252;9108585251;9108577923;9108585439;9108580743;9108580034;9108369291;9108583220;9108362898;9108598302;9108485791;9108574526;9108400988;9108548064;9108548063;9108548062;9108601205;9108594814;9108548065,40,74,45.9,4,20,34,41.2,76,(unknown);Adajan;Bardoli;Bharuch;Ghod Dod;Parvat;Udhana;Vapi;Varachha,(none);1;2;3;4,(none);2026-07-29;2026-07-30
W2-39,2026-08-04,17,9108646453;9108646454;9108668271;9108646895;9108649253;9108644678;9108631264;9108646452;9108643071;9108246965;9108246963;9108649251;9108644683;9108246960;9108644679;9108696510;9108643364,40,59,32.2,4,16,20,20.0,61,Adajan;Bharuch;Ghod Dod;Navsari;Udhana;Vapi;Varachha,1;2;3;4,2026-08-04;2026-08-05
W2-40,2026-07-09,16,9108167730;9108167728;9108100461;9108193809;9108109044;9108186908;9108143182;9108186912;9108131853;9107996061;9108177521;9108089223;9108184033;9108152562;9108193808;9108193813,48,83,42.2,4,19,30,36.7,85,(unknown);Adajan;Ghod Dod;Vapi;Varachha,1;2;3;4,2026-07-09;2026-07-10;2026-07-12
W2-41,2026-08-13,14,9108832679;9108868562;9108821479;9108885222;9108816395;9108872721;9108872720;9108889617;9108858566;9108896803;9108799597;9108798579;9108899714;9108901513,42,58,27.6,4,33,36,8.3,58,(unknown);Adajan;Bardoli;Bharuch;Ghod Dod;No Route;Varachha,(none);1;2;3;4,(none);2026-08-13
W2-42,2026-06-19,14,9107630149;9107630150;9107708561;9107708565;9107721262;9107734260;9107757367;9107725547;9107779276;9107735549;9107640195;9107751451;9107789410;9107669156,28,41,31.7,4,11,14,21.4,41,(unknown);Adajan;Bharuch;Ghod Dod;Navsari;Parvat;Varachha,(none),(none)
W2-43,2026-07-17,13,9108359707;9108359703;9108344226;9108306161;9108341842;9108334841;9108359702;9108324929;9108286418;9108344223;9108341839;9108344395;9108334840,14,27,48.1,4,8,10,20.0,28,Adajan;Bardoli;Ghod Dod;Kamrej;Navsari;Varachha,(none);1;2;3;4,(none);2026-07-17;2026-07-18
W2-44,2026-07-17,13,9108359706;9108360231;9108286383;9108331134;9108344946;9108286381;9108286380;9108286382;9108303076;9108349739;9108361720;9107837082;9108334842,5,19,73.7,4,1,4,75.0,19,Adajan;Chikhli;Kamrej;Navsari;Vapi;Varachha,(none);4,(none);2026-07-17;2026-07-18
W2-45,2026-07-24,13,9108486010;9108495521;9108501813;9108477036;9108485316;9108485312;9108409890;9108473047;9108501810;9108501812;9108501806;9108309087;9108473946,21,37,43.2,4,9,13,30.8,37,Adajan;Ghod Dod;Varachha,1;2;3,2026-07-24
W2-46,2026-07-22,12,9108370183;9108440226;9108440227;9108458908;9108420750;9108348172;9108392459;9108420746;9108389126;9108441321;9108429620;9108440229,31,50,38.0,4,17,24,29.2,50,Adajan;Ghod Dod;Navsari;Parvat;Udhana;Varachha,1;2;3;4,2026-07-22;2026-07-23;2026-07-24
W2-47,2026-07-14,12,9108265526;9108250561;9108012460;9108253142;9108022938;9108022935;9108260122;9108010225;9108010227;9107928580;9108236850;9108236851,18,37,51.4,4,4,13,69.2,38,Adajan;Ghod Dod;Kamrej;Udhana;Varachha,(none);1;2;3;4,(none);2026-07-14;2026-07-15
W2-48,2026-07-09,11,9108160360;9108167726;9108193803;9108193801;9108152159;9108177515;9108152558;9108152554;9108193812;9108109038;9108186910,11,22,50.0,4,5,8,37.5,23,(unknown);Adajan;Bardoli;Ghod Dod;Navsari;Vapi;Varachha,1;2;3;4,2026-07-09;2026-07-10;2026-07-12
W2-49,2026-07-02,11,9108025532;9108025540;9108025539;9108025538;9108025537;9108025536;9108025535;9108025534;9108025533;9108025531;9108025530,2,13,84.6,4,2,6,66.7,13,Adajan;Chikhli;Ghod Dod;Navsari;Olpad;Vansda,4,2026-07-03
W2-50,2026-06-27,11,9107870898;9107893681;9107906194;9107906193;9107916263;9107909189;9107909190;9107952625;9107897676;9107964117;9107932955,18,28,35.7,4,5,8,37.5,30,Adajan;Bardoli;Ghod Dod;Kamrej;Navsari;Vapi;Varachha,(none),(none)
W2-51,2026-06-27,11,9107870896;9107958105;9107893682;9107893680;9107893683;9107945029;9107943038;9107943041;9106608393;9107920955;9107964116,22,36,38.9,4,11,15,26.7,36,Adajan;Ghod Dod;Navsari;Udhana;Vapi,(none),(none)
W2-52,2026-07-29,11,9108369290;9108580910;9108577925;9108585435;9108369292;9108542140;9108545640;9108545639;9108533973;9108477867;9108438293,44,66,33.3,4,37,48,22.9,71,Adajan;Ghod Dod;No Route;Varachha,(none);1;2,(none);2026-07-29
W2-53,2026-07-02,10,9108005664;9108005666;9107984886;9107984882;9108053501;9108027638;9108029033;9108027639;9108030545;9108047511,26,40,35.0,4,20,23,13.0,41,(unknown);Adajan;Ghod Dod;Udhana,(none);4,(none);2026-07-03
W2-54,2026-07-11,10,9108169590;9108175581;9108175580;9108175579;9108175577;9108175588;9108175583;9108171694;9108171695;9108171693,1,10,90.0,4,1,4,75.0,10,Adajan,(none),(none)
W2-55,2026-06-19,10,9107630145;9107721260;9107721263;9107757365;9107764241;9107711658;9107759815;9107759812;9107759820;9107707779,64,76,15.8,4,55,60,8.3,80,Adajan;Bardoli;Chikhli;Ghod Dod;Vapi,(none),(none)
W2-56,2026-08-08,9,9108776106;9108776105;9108786430;9108786429;9108776103;9108762762;9108776104;9108762760;9108762761,1,9,88.9,4,1,4,75.0,9,Adajan;Kamrej;Varachha,(none);1;3;4,(none);2026-08-08;2026-08-10
W2-57,2026-07-29,9,9108585437;9108585438;9108526627;9108580742;9108580744;9108583219;9108583218;9108369293;9108586917,6,15,60.0,4,5,9,44.4,15,(unknown);Adajan;Ghod Dod;Varachha,(none);1;2,(none);2026-07-29;2026-07-30
W2-58,2026-07-29,9,9108554067;9108509916;9108561119;9108583217;9108561118;9108583216;9108560166;9108554070;9108554066,1,9,88.9,4,1,4,75.0,9,Adajan;Ghod Dod;Kamrej;Udhana,(none);1;2;4,(none);2026-07-29
W2-59,2026-07-16,8,9108276087;9108276089;9107921989;9107921986;9108321926;9108321925;9108302429;9108261779,17,36,52.8,4,16,26,38.5,36,Adajan;Bharuch;Navsari;Vapi;Varachha,1;3;4,2026-07-16;2026-07-17
W2-60,2026-07-09,8,9108193804;9108109043;9108109040;9108190803;9108190804;9108186914;9108109041;9108132976,30,37,18.9,4,30,33,9.1,37,Adajan;Ghod Dod,1;2;3,2026-07-09
W2-61,2026-08-11,8,9108851202;9108829820;9108829818;9108805651;9108828205;9108718898;9108845901;9108839307,30,38,21.1,4,28,30,6.7,39,Adajan;Ghod Dod,1;2;3,2026-08-11;2026-08-12
W2-62,2026-07-30,8,9108592730;9108609001;9108607810;9108590187;9108571891;9108502987;9108602123;9108613012,7,19,63.2,4,7,13,46.2,20,Adajan;Ghod Dod;Udhana;Vapi,1;2;3;4,2026-07-30;2026-07-31
W2-63,2026-06-22,8,9107824806;9107836302;9107213981;9107727615;9107835829;9107835509;9107831006;9107814148,1,8,87.5,4,1,4,75.0,8,Bharuch,(none),(none)
W2-64,2026-07-02,8,9108005663;9107853299;9108047808;9108039115;9108039117;9108015775;9108015774;9108039327,31,49,36.7,4,30,36,16.7,50,(unknown);Adajan;Bardoli;Vapi,(none);4,(none);2026-07-03
W2-65,2026-08-04,8,9108646446;9108629675;9108646132;9108341256;9108646448;9108646897;9108646447;9108696507,8,16,50.0,4,4,7,42.9,16,Adajan;Ghod Dod,1;2;3,2026-08-04;2026-08-05
W2-66,2026-07-28,8,9108478558;9108544645;9108513255;9108559924;9107379597;9107379598;9108540652;9108374291,26,35,25.7,4,23,28,17.9,35,Adajan;Bharuch;Ghod Dod;Kamrej;Varachha,(none);1;2;3;4,(none);2026-07-28;2026-07-29
W2-67,2026-08-01,8,9108649818;9108199233;9108651459;9108586584;9108246375;9108550585;9108550583;9108579880,8,16,50.0,4,6,10,40.0,16,Adajan;Ghod Dod;Varachha,(none);1;2;3,(none);2026-08-01
W2-68,2026-06-24,7,9107862731;9107882610;9107760740;9107760734;9107760739;9107891605;9107891602,13,28,53.6,4,13,20,35.0,30,Adajan;Bharuch;Ghod Dod;Vapi;Varachha,(none),(none)
W2-69,2026-08-10,7,9108740443;9108786244;9108785840;9108662181;9108652449;9108770339;9108751651,8,18,55.6,4,8,15,46.7,19,Adajan;Ghod Dod,(none);2;3,(none);2026-08-10
W2-70,2026-08-10,7,9108730682;9108652463;9108509771;9108793632;9108627097;9108794115;9108781142,20,46,56.5,4,19,38,50.0,46,Adajan;Bharuch;Ghod Dod;Varachha,1;3;4,2026-08-10;2026-08-11
W2-71,2026-07-21,7,9108331744;9108363155;9108369360;9108369361;9108404830;9108420420;9108365198,13,19,31.6,4,13,16,18.8,19,Adajan;Ghod Dod;Udhana;Varachha,1;2;3,2026-07-21;2026-07-22
W2-72,2026-07-02,7,9108021295;9108021296;9108027644;9108027643;9108027641;9108047811;9108030546,4,11,63.6,4,4,8,50.0,11,Ghod Dod;Varachha,(none),(none)
W2-73,2026-07-18,7,9108329179;9108329178;9108364026;9108329176;9108329177;9108329174;9108329175,3,9,66.7,4,3,6,50.0,9,Adajan;Bardoli;Bharuch;Ghod Dod;Varachha,(none);2;4,(none);2026-07-18
W2-74,2026-07-18,7,9108286155;9108286154;9108286157;9108329172;9108329171;9108329173;9108329180,1,7,85.7,4,1,4,75.0,7,Adajan;Ghod Dod;Udhana,(none);1,(none);2026-07-18
W2-75,2026-08-01,7,9108580951;9108655110;9108668800;9108665703;9108605872;9108550588;9108652710,32,38,15.8,4,21,24,12.5,43,Adajan;Bardoli;Ghod Dod;Udhana;Varachha,(none);1;2,(none);2026-08-01;2026-08-03
W2-76,2026-07-09,6,9108167727;9108109042;9108180717;9108161585;9108177523;9108186915,19,25,24.0,4,19,23,17.4,26,Adajan;Ghod Dod;Vapi,1;3;4,2026-07-09;2026-07-10;2026-07-12
W2-77,2026-08-11,6,9108829817;9108827705;9108827706;9108691243;9108816223;9108829034,26,37,29.7,4,25,31,19.4,37,Adajan;Navsari;Varachha,(none);1;2;3,(none);2026-08-11
W2-78,2026-07-22,6,9108438718;9108418863;9108431852;9108396467;9108277291;9108429622,1,6,83.3,4,1,4,75.0,6,Adajan;Ghod Dod,1;3,2026-07-22;2026-07-24
W2-79,2026-07-10,6,9107842492;9108214233;9108214238;9108214232;9108221212;9108221211,4,9,55.6,4,4,7,42.9,10,Bardoli;Navsari;Vapi,3;4,2026-07-11;2026-07-12
W2-80,2026-07-21,6,9108397420;9108415036;9108340259;9108409615;9108327367;9108394987,6,12,50.0,4,4,8,50.0,13,Adajan;Bardoli;Ghod Dod;Kamrej;Vapi,(none);1;4,(none);2026-07-21;2026-07-22
W2-81,2026-08-14,6,9108703168;9108904555;9108904553;9108904554;9108794255;9108794254,1,6,83.3,4,1,4,75.0,6,Adajan;Ghod Dod;Vapi,(none);1;4,(none);2026-08-14;2026-08-15
W2-82,2026-08-14,6,9108889437;9108851588;9108794256;9108887284;9108887285;9108865968,7,13,46.2,4,7,11,36.4,13,Adajan;Ghod Dod,(none);1;3,(none);2026-08-14;2026-08-15
W2-83,2026-06-27,6,9107958103;9107893684;9107943040;9107909191;9107816282;9107942324,26,33,21.2,4,22,27,18.5,34,Adajan;Ghod Dod;Parvat;Varachha,(none);3,(none);2026-06-27
W2-84,2026-07-14,6,9108209573;9108231713;9107827485;9108246735;9108270131;9108267735,11,16,31.3,4,10,13,23.1,17,Adajan;Ghod Dod;Vapi,(none);2;3;4,(none);2026-07-14
W2-85,2026-07-14,6,9108231712;9108012459;9108260130;9108260127;9108147390;9108010226,7,12,41.7,4,5,8,37.5,12,Adajan;Ghod Dod;Navsari;Varachha,(none);1;3;4,(none);2026-07-14
W2-86,2026-07-15,6,9108257769;9108277734;9108284869;9108301912;9108315402;9108279880,13,20,35.0,4,13,17,23.5,21,Adajan;Bharuch;Navsari;Udhana,1;2;3;4,2026-07-15;2026-07-16
W2-87,2026-07-27,6,9108247729;9108476152;9108522619;9108497299;9108436892;9108517768,13,20,35.0,4,10,15,33.3,20,Adajan;Bharuch;Ghod Dod;Parvat,1;2;3;4,2026-07-27;2026-07-28
W2-88,2026-07-11,6,9108179263;9108246203;9108122431;9108175586;9108170298;9108122435,9,14,35.7,4,9,12,25.0,14,Adajan;Chikhli;Vansda;Varachha,1;2;4,2026-07-11
W2-89,2026-07-04,6,9108073745;9108073747;9108073746;9108027158;9108084115;9108055961,1,6,83.3,4,1,4,75.0,6,Adajan;Ghod Dod;Navsari,(none);4,(none);2026-07-04
W2-90,2026-07-29,6,9108585434;9108568724;9108598301;9108538774;9108526626;9108573534,5,11,54.5,4,3,7,57.1,11,Adajan;Navsari;Udhana;Varachha,(none);2;3;4,(none);2026-07-29
W2-91,2026-07-06,6,9107779392;9107779391;9107866668;9108047654;9108086429;9108104919,9,16,43.8,4,8,12,33.3,16,Bharuch;Ghod Dod,(none);1,(none);2026-07-07
W2-92,2026-07-31,6,9108629509;9108630612;9108563761;9108637011;9108592632;9108598981,26,31,16.1,4,17,20,15.0,31,(unknown);Bharuch;Navsari;Vansda,(none);4,(none);2026-07-31;2026-08-01
W2-93,2026-07-31,6,9108595967;9108563763;9108563766;9108563765;9108634335;9108563762,2,8,75.0,4,2,6,66.7,8,Bardoli;Chikhli;Navsari,(none),(none)
W2-94,2026-07-07,6,9108133409;9108133421;9108065339;9108131524;9108131525;9108131522,34,41,17.1,4,33,38,13.2,42,Adajan;Ghod Dod,(none);3,(none);2026-07-07
W2-95,2026-08-01,6,9108651014;9108651013;9108580376;9108580374;9108580373;9108580372,4,9,55.6,4,4,7,42.9,9,Chikhli;Ghod Dod;Udhana;Varachha,(none);4,(none);2026-08-01
W2-96,2026-06-23,5,9107821618;9107821619;9107821620;9107783274;9107783275,1,5,80.0,4,1,4,75.0,5,Bardoli;Chikhli;Navsari,(none),(none)
W2-97,2026-07-16,5,9108276086;9107921985;9108321922;9108249097;9108316541,10,14,28.6,4,10,13,23.1,14,Adajan;Bharuch;Ghod Dod;Navsari;Varachha,1;2;4,2026-07-16;2026-07-17
W2-98,2026-07-16,5,9108231084;9108321921;9108280187;9108316540;9108302428,10,15,33.3,4,10,14,28.6,15,Adajan;Bardoli;Navsari;Parvat;Varachha,(none);2;4,(none);2026-07-16
W2-99,2026-07-16,5,9108273982;9108273981;9108273980;9108273979;9108273978,1,5,80.0,4,1,4,75.0,5,Varachha,(none),(none)
W2-100,2026-07-09,5,9108109037;9108109036;9108152156;9108177520;9108152556,11,16,31.3,4,6,10,40.0,17,Adajan;Ghod Dod;Udhana;Varachha,1;3,2026-07-09;2026-07-12
W2-101,2026-08-03,5,9108623163;9108226952;9108647540;9108611998;9108651633,6,11,45.5,4,5,9,44.4,11,Adajan;Bharuch;Kamrej,(none);1;2;4,(none);2026-08-03
W2-102,2026-08-13,5,9108836768;9108878226;9108872725;9108889618;9108900010,18,23,21.7,4,16,19,15.8,24,Adajan;Ghod Dod;Kamrej;Navsari,(none);3;4,(none);2026-08-13;2026-08-14
W2-103,2026-07-30,5,9108601235;9108576149;9108581058;9108590185;9108568981,9,13,30.8,4,9,12,25.0,13,(unknown);Bharuch;IGT / CROSS;Kamrej,(none);4,(none);2026-07-30
W2-104,2026-06-22,5,9107783898;9107678760;9107699089;9107659447;9107812315,9,13,30.8,4,9,12,25.0,14,Adajan;Ghod Dod,(none),(none)
W2-105,2026-06-22,5,9107827227;9107754471;9107755766;9107824807;9107812664,5,9,44.4,4,5,8,37.5,11,Adajan;Kamrej;Udhana,(none),(none)
W2-106,2026-06-27,5,9106608395;9106608394;9107816284;9107862569;9107913219,26,35,25.7,4,26,34,23.5,35,Adajan;Ghod Dod;No Route;Vapi,(none);1,(none);2026-06-27
W2-107,2026-07-03,5,9107804687;9107973687;9108053344;9108075523;9107996397,6,10,40.0,4,5,8,37.5,10,Adajan;Bharuch;Ghod Dod,(none);4,(none);2026-07-03
W2-108,2026-07-14,5,9108248837;9108260124;9108196446;9108280808;9108254490,14,18,22.2,4,10,13,23.1,19,(unknown);Adajan;Kamrej;Navsari,(none);1;4,(none);2026-07-14
W2-109,2026-07-14,5,9108012457;9108012456;9108253143;9108094477;9108254488,9,18,50.0,4,9,17,47.1,18,Adajan;Ghod Dod;Varachha,1;2,2026-07-14
W2-110,2026-07-24,5,9108501811;9108501807;9108501802;9108471756;9108501804,7,11,36.4,4,4,7,42.9,11,Adajan;Ghod Dod;Varachha,1,2026-07-24
W2-111,2026-07-24,5,9108492928;9108492927;9108492926;9108492924;9108492925,1,5,80.0,4,1,4,75.0,5,No Route,(none),(none)
W2-112,2026-07-24,5,9108456157;9108454480;9108417431;9108356687;9108444243,1,5,80.0,4,1,4,75.0,5,Adajan,(none),(none)
W2-113,2026-07-11,5,9108194153;9108194152;9108194151;9108194150;9108194149,1,5,80.0,4,1,4,75.0,5,Adajan,(none),(none)
W2-114,2026-07-11,5,9108169588;9108169586;9108169952;9108171691;9108171692,1,5,80.0,4,1,4,75.0,5,Adajan,(none),(none)
W2-115,2026-07-29,5,9108577924;9108585440;9108588405;9108588404;9108450266,9,13,30.8,4,9,12,25.0,14,Adajan;Ghod Dod,1;2;3,2026-07-29
W2-116,2026-08-05,5,9108581870;9108668591;9108668590;9108695095;9108734211,1,5,80.0,4,1,4,75.0,5,Adajan;Udhana;Varachha,(none);1;3,(none);2026-08-05;2026-08-06
W2-117,2026-06-19,5,9107630144;9107630153;9107708563;9107764243;9107711660,16,20,20.0,4,16,19,15.8,20,Adajan;Ghod Dod;Varachha,(none),(none)
W2-118,2026-06-17,5,9107680576;9107728713;9107720910;9107730412;9107602193,9,13,30.8,4,9,12,25.0,14,Adajan;Ghod Dod;Navsari,(none),(none)
W2-119,2026-06-18,5,9107711751;9107745332;9107704478;9107712731;9107697182,3,8,62.5,4,3,7,57.1,8,Adajan;Ghod Dod;Udhana;Vapi,(none),(none)
W2-120,2026-08-01,5,9108580952;9108655113;9108651018;9108664003;9108550584,12,16,25.0,4,12,15,20.0,16,Adajan;Varachha,(none);1;2,(none);2026-08-01;2026-08-03
W2-121,2026-08-06,4,9108693055;9108605196;9108723762;9108732880,7,13,46.2,4,7,13,46.2,15,Adajan;Vapi,1;4,2026-08-06;2026-08-07
W2-122,2026-06-24,4,9107838843;9107807870;9106292285;9107890604,3,6,50.0,4,3,6,50.0,7,Adajan;Kamrej;Udhana;Varachha,(none);1,(none);2026-06-28
W2-123,2026-07-09,4,9108160356;9108160359;9108193811;9108152560,14,24,41.7,4,14,24,41.7,24,Adajan;Ghod Dod;Vapi,1;2;4,2026-07-09;2026-07-10
W2-124,2026-07-09,4,9108181449;9108193806;9108116042;9108116041,3,7,57.1,4,3,7,57.1,8,Adajan;Bharuch;Ghod Dod;Udhana,2;3;4,2026-07-09;2026-07-12
W2-125,2026-08-08,4,9108750844;9108647683;9108759541;9108687090,17,21,19.0,4,17,21,19.0,22,Bharuch;Ghod Dod;Vapi;Varachha,1;3;4,2026-08-08;2026-08-10
W2-126,2026-08-08,4,9108762764;9108730180;9108749370;9108746362,2,5,60.0,4,2,5,60.0,5,Adajan;Varachha,(none);3,(none);2026-08-08
W2-127,2026-08-10,4,9108652453;9108652468;9108804214;9108794113,4,7,42.9,4,4,7,42.9,7,Adajan;Ghod Dod;Navsari,1;2;4,2026-08-10
W2-128,2026-07-20,4,9108347186;9108379038;9108379037;9108335681,6,9,33.3,4,6,9,33.3,9,Adajan;Kamrej,(none);1;3;4,(none);2026-07-20;2026-07-21
W2-129,2026-07-20,4,9108384909;9108263292;9108361150;9108360532,5,9,44.4,4,5,9,44.4,9,Adajan;Ghod Dod,(none);1,(none);2026-07-20;2026-07-21
W2-130,2026-07-20,4,9108388715;9108319764;9108330249;9108397310,9,12,25.0,4,9,12,25.0,12,Adajan;Ghod Dod,1;2;3,2026-07-20
W2-131,2026-07-30,4,9108570441;9108525690;9108519292;9108601236,4,7,42.9,4,4,7,42.9,7,Adajan;Varachha,(none),(none)
W2-132,2026-07-21,4,9108329571;9108329570;9108329569;9108329568,1,4,75.0,4,1,4,75.0,4,Varachha,(none),(none)
W2-133,2026-07-17,4,9108193294;9108193293;9108193292;9108193291,1,4,75.0,4,1,4,75.0,4,Adajan;Kamrej;Varachha,(none),(none)
W2-134,2026-08-14,4,9108905104;9108904563;9108904562;9108877538,1,4,75.0,4,1,4,75.0,4,Adajan;Bharuch;Ghod Dod,(none);4,(none);2026-08-14
W2-135,2026-08-14,4,9108886266;9108916304;9108780679;9108883356,5,9,44.4,4,5,9,44.4,9,Adajan;Ghod Dod,2;3,2026-08-14
W2-136,2026-07-01,4,9107760786;9107768686;9107999022;9107808671,5,8,37.5,4,5,8,37.5,8,Bharuch;Ghod Dod;Varachha,(none),(none)
W2-137,2026-07-01,4,9107794294;9107996750;9107916471;9108038100,2,5,60.0,4,2,5,60.0,6,Bardoli;Ghod Dod;Navsari,(none);4,(none);2026-07-03
W2-138,2026-06-22,4,9107775149;9107273650;9107621328;9107836303,1,4,75.0,4,1,4,75.0,4,Adajan;Bardoli,(none),(none)
W2-139,2026-06-22,4,9107729232;9106626571;9107799353;9107699090,2,5,60.0,4,2,5,60.0,5,Adajan;Udhana;Varachha,(none),(none)
W2-140,2026-07-02,4,9108028822;9108005662;9107887738;9108047812,11,15,26.7,4,11,15,26.7,15,Adajan;Ghod Dod,(none);4,(none);2026-07-03
W2-141,2026-07-02,4,9108000699;9108015776;9108015777;9108015773,1,4,75.0,4,1,4,75.0,4,No Route,4,2026-07-03
W2-142,2026-07-02,4,9108028821;9108028820;9108028818;9108028817,5,11,54.5,4,5,11,54.5,11,Adajan;Varachha,(none),(none)
W2-143,2026-08-04,4,9108646899;9108646449;9108646450;9108516370,10,13,23.1,4,10,13,23.1,13,Adajan;Navsari,1;2;3;4,2026-08-04;2026-08-05
W2-144,2026-08-04,4,9108644676;9108646456;9108644684;9108696508,6,10,40.0,4,6,10,40.0,10,Adajan;Navsari;Varachha,1;3;4,2026-08-04;2026-08-05
W2-145,2026-06-27,4,9107907892;9107952120;9107917074;9107945108,2,5,60.0,4,2,5,60.0,5,Bharuch;Ghod Dod;Udhana,1;4,2026-06-27;2026-07-03
W2-146,2026-07-18,4,9108364725;9108318364;9108364309;9108310548,12,15,20.0,4,12,15,20.0,15,Adajan;Bharuch;Kamrej;Udhana,1;2;4,2026-07-18
W2-147,2026-07-13,4,9108153562;9108259703;9108268017;9108134493,3,6,50.0,4,3,6,50.0,7,Adajan;Ghod Dod;Varachha,(none);1;2,(none);2026-07-13;2026-07-14
W2-148,2026-07-14,4,9108219842;9108219843;9108219844;9108219841,1,4,75.0,4,1,4,75.0,4,Ghod Dod;Kamrej;Navsari,(none),(none)
W2-149,2026-07-15,4,9108318607;9108279881;9108150187;9108248475,9,12,25.0,4,9,12,25.0,12,Adajan;Ghod Dod,(none);1;3,(none);2026-07-15;2026-07-16
W2-150,2026-07-27,4,9108247728;9108501166;9108468053;9108522621,5,8,37.5,4,5,8,37.5,9,Adajan;Bardoli;Chikhli,1;4,2026-07-27
W2-151,2026-07-27,4,9108512050;9108531806;9108547001;9108360477,5,8,37.5,4,5,8,37.5,8,Adajan;Ghod Dod;Varachha,(none);2,(none);2026-07-27
W2-152,2026-07-24,4,9108176293;9108377780;9108490131;9108504603,1,4,75.0,4,1,4,75.0,4,Varachha,1;2,2026-07-24;2026-07-25
W2-153,2026-07-11,4,9108175587;9108171479;9108219369;9108213152,8,11,27.3,4,8,11,27.3,11,Ghod Dod,1;2;3,2026-07-11;2026-07-12
W2-154,2026-07-11,4,9108238501;9108241714;9108210123;9107859998,1,4,75.0,4,1,4,75.0,4,Adajan;Ghod Dod,1;3,2026-07-12
W2-155,2026-07-11,4,9108101799;9108248400;9108101798;9108242602,1,4,75.0,4,1,4,75.0,4,Adajan;Bharuch,(none);3,(none);2026-07-12
W2-156,2026-07-29,4,9108547969;9108516264;9108362899;9108438294,5,8,37.5,4,5,8,37.5,8,Adajan;Ghod Dod;Varachha,1;2;3,2026-07-29
W2-157,2026-08-07,4,9108731224;9108755788;9108738016;9108738014,11,18,38.9,4,11,18,38.9,18,Adajan;Varachha,(none);2;3,(none);2026-08-07
W2-158,2026-08-07,4,9108708060;9108738019;9108748632;9108773723,3,6,50.0,4,3,6,50.0,6,Adajan;Bardoli;Bharuch;Navsari,3;4,2026-08-07;2026-08-08
W2-159,2026-08-05,4,9108671576;9108636398;9108693525;9108730415,5,8,37.5,4,5,8,37.5,9,Adajan;Ghod Dod;Udhana,(none),(none)
W2-160,2026-07-31,4,9108626216;9108626217;9108626215;9108637010,3,7,57.1,4,3,7,57.1,7,Vapi,(none);4,(none);2026-08-01
W2-161,2026-07-31,4,9108613440;9108622850;9108598983;9108563758,5,9,44.4,4,5,9,44.4,9,Navsari;Vapi,4,2026-07-31
W2-162,2026-06-17,4,9107728716;9107730408;9107623095;9107657675,8,12,33.3,4,8,12,33.3,13,Adajan;Bharuch;Vapi;Varachha,(none),(none)
W2-163,2026-08-01,4,9108414254;9108665704;9108550590;9108550589,4,7,42.9,4,4,7,42.9,7,Adajan;Bardoli;Navsari,(none);2;4,(none);2026-08-01
W2-164,2026-08-01,4,9108586583;9108575179;9108664002;9108571290,8,11,27.3,4,8,11,27.3,11,Adajan;Ghod Dod;Navsari,1;2;3;4,2026-08-01;2026-08-03
W2-165,2026-06-23,3,9107833504;9106634245;9107709389,1,3,66.7,3,1,3,66.7,3,Chikhli;Ghod Dod,(none),(none)
W2-166,2026-06-23,3,9107833505;9107642496;9106634246,1,3,66.7,3,1,3,66.7,3,Bharuch;Chikhli;Vapi,(none),(none)
W2-167,2026-06-23,3,9106582884;9107848101;9107244286,8,10,20.0,3,8,10,20.0,10,Adajan;Udhana;Varachha,(none),(none)
W2-168,2026-06-29,3,9107918551;9107946934;9107962928,1,3,66.7,3,1,3,66.7,4,Adajan;Ghod Dod;Varachha,(none);4,(none);2026-07-03
W2-169,2026-08-06,3,9108735709;9108735710;9108700838,1,3,66.7,3,1,3,66.7,3,No Route;Vapi,3;4,2026-08-06
W2-170,2026-06-24,3,9107743930;9107880906;9107858018,3,5,40.0,3,3,5,40.0,5,Adajan;Udhana,(none),(none)
W2-171,2026-06-24,3,9107743932;9107862732;9107884724,6,8,25.0,3,6,8,25.0,8,Adajan;Ghod Dod,(none),(none)
W2-172,2026-06-24,3,9107822996;9107875114;9107867243,7,9,22.2,3,7,9,22.2,9,Adajan;Ghod Dod;Udhana,(none),(none)
W2-173,2026-06-24,3,9107807871;9107862113;9107853928,2,4,50.0,3,2,4,50.0,5,Bharuch;Varachha,(none),(none)
W2-174,2026-07-25,3,9108474280;9108505623;9108277099,16,19,15.8,3,16,19,15.8,22,(unknown);Navsari;Vansda,(none);4,(none);2026-07-25;2026-07-27
W2-175,2026-07-25,3,9108242795;9108234197;9108234194,6,9,33.3,3,6,9,33.3,12,Bharuch;Ghod Dod;Navsari,1;4,2026-07-25;2026-07-27
W2-176,2026-07-09,3,9108193805;9108109035;9108143183,1,3,66.7,3,1,3,66.7,3,Adajan;Kamrej;Vansda,2;4,2026-07-09
W2-177,2026-08-03,3,9108645392;9108645391;9108645390,2,4,50.0,3,2,4,50.0,4,Adajan;Varachha,(none);1,(none);2026-08-05
W2-178,2026-06-30,3,9107884070;9107958870;9107898752,14,16,12.5,3,14,16,12.5,16,Adajan;Vansda;Vapi,(none),(none)
W2-179,2026-06-30,3,9108008408;9107899487;9108006726,1,3,66.7,3,1,3,66.7,5,(unknown);Adajan,(none);4,(none);2026-07-03
W2-180,2026-06-30,3,9107981932;9107974155;9107974154,1,3,66.7,3,1,3,66.7,3,Navsari,(none),(none)
W2-181,2026-08-08,3,9108669196;9108786219;9108628590,2,4,50.0,3,2,4,50.0,4,Adajan;Ghod Dod,(none);2;3,(none);2026-08-08
W2-182,2026-08-08,3,9108789909;9108669195;9108740432,3,5,40.0,3,3,5,40.0,5,Adajan;Ghod Dod,(none);2,(none);2026-08-10
W2-183,2026-08-08,3,9108773235;9108773234;9108773236,1,3,66.7,3,1,3,66.7,3,No Route,(none);3,(none);2026-08-08
W2-184,2026-08-08,3,9108786218;9108647685;9108750845,4,6,33.3,3,4,6,33.3,6,Adajan;Vapi,1;2;4,2026-08-08;2026-08-10
W2-185,2026-08-08,3,9108759539;9108731585;9108756151,11,22,50.0,3,11,22,50.0,24,Adajan;Ghod Dod,1;3,2026-08-08;2026-08-10
W2-186,2026-08-08,3,9108759550;9108760055;9108706643,1,3,66.7,3,1,3,66.7,3,Adajan;Varachha,1;3,2026-08-08;2026-08-10
W2-187,2026-08-13,3,9108839350;9108839351;9108849357,10,20,50.0,3,10,20,50.0,23,Adajan,(none);1,(none);2026-08-14
W2-188,2026-08-10,3,9108509780;9108785838;9108785836,1,3,66.7,3,1,3,66.7,3,Ghod Dod;Varachha,(none),(none)
W2-189,2026-08-10,3,9108705396;9108705395;9108773181,1,3,66.7,3,1,3,66.7,3,Adajan;Ghod Dod;Varachha,(none),(none)
W2-190,2026-08-10,3,9108509776;9108793634;9108627099,3,7,57.1,3,3,7,57.1,7,Adajan,3,2026-08-10
W2-191,2026-07-20,3,9108356321;9108356320;9108356318,1,3,66.7,3,1,3,66.7,3,Adajan;Vapi;Varachha,(none),(none)
W2-192,2026-07-20,3,9108342127;9108232181;9108322209,5,8,37.5,3,5,8,37.5,8,Bharuch;Ghod Dod,1;3;4,2026-07-20
W2-193,2026-07-22,3,9108367796;9108437818;9108450403,14,16,12.5,3,14,16,12.5,17,Ghod Dod;Parvat;Udhana,2;3,2026-07-22;2026-07-24
W2-194,2026-07-22,3,9108389125;9108441322;9108385744,18,20,10.0,3,18,20,10.0,20,Adajan;Ghod Dod;Varachha,1;2;3,2026-07-22
W2-195,2026-07-30,3,9108601790;9108622109;9108546585,1,3,66.7,3,1,3,66.7,3,Adajan;Bharuch;IGT / CROSS,(none),(none)
W2-196,2026-07-30,3,9108402387;9108411675;9108587551,9,11,18.2,3,9,11,18.2,11,Ghod Dod,1;3,2026-07-30;2026-07-31
W2-197,2026-07-10,3,9108222010;9108159897;9108159898,4,12,66.7,3,4,12,66.7,12,(unknown);Ghod Dod,1;4,2026-07-10
W2-198,2026-07-21,3,9108390318;9108363154;9108337541,5,8,37.5,3,5,8,37.5,8,Adajan;Navsari,1;4,2026-07-21;2026-07-22
W2-199,2026-07-21,3,9108322243;9108359690;9108398250,7,9,22.2,3,7,9,22.2,9,Adajan;Navsari,2;3;4,2026-07-21;2026-07-22
W2-200,2026-07-17,3,9108319730;9108321059;9108319727,1,3,66.7,3,1,3,66.7,3,Adajan,(none);2,(none);2026-07-17
W2-201,2026-07-17,3,9108344394;9108308888;9108353804,6,14,57.1,3,6,14,57.1,14,Adajan,(none);3,(none);2026-07-17
W2-202,2026-07-17,3,9108303764;9108344214;9108306160,3,5,40.0,3,3,5,40.0,5,Bharuch;Ghod Dod,3;4,2026-07-17
W2-203,2026-06-20,3,9107773833;9107483567;9107541875,2,4,50.0,3,2,4,50.0,5,Navsari,(none),(none)
W2-204,2026-06-20,3,9107500876;9107711976;9107483566,1,3,66.7,3,1,3,66.7,3,(unknown);Ghod Dod;Varachha,(none),(none)
W2-205,2026-08-12,3,9108841325;9108841932;9108813546,1,3,66.7,3,1,3,66.7,6,Udhana,1,2026-08-12
W2-206,2026-08-14,3,9108901015;9108827683;9108918408,1,3,66.7,3,1,3,66.7,3,Adajan;Bharuch,(none);2,(none);2026-08-14
W2-207,2026-07-01,3,9107927687;9107970251;9107992354,1,3,66.7,3,1,3,66.7,3,Adajan;Varachha,(none);4,(none);2026-07-03
W2-208,2026-06-22,3,9107512364;9107512365;9107512366,1,3,66.7,3,1,3,66.7,3,Ghod Dod,(none),(none)
W2-209,2026-06-22,3,9107760267;9107741161;9107817129,4,6,33.3,3,4,6,33.3,6,Adajan;Ghod Dod,(none),(none)
W2-210,2026-07-02,3,9107984883;9108030544;9108047513,7,9,22.2,3,7,9,22.2,10,Adajan;Navsari;Olpad,(none),(none)
W2-211,2026-07-02,3,9108053500;9108010859;9107955866,15,17,11.8,3,15,17,11.8,17,Ghod Dod;Vapi,(none),(none)
W2-212,2026-06-26,3,9107895835;9107931925;9107945801,3,6,50.0,3,3,6,50.0,6,(unknown);Bardoli,(none),(none)
W2-213,2026-08-04,3,9108680023;9108680025;9108246959,1,3,66.7,3,1,3,66.7,3,Adajan,1;2,2026-08-04
W2-214,2026-08-04,3,9108493182;9108246966;9108644680,4,6,33.3,3,4,6,33.3,6,Adajan;Bharuch;Ghod Dod,1;2;4,2026-08-04
W2-215,2026-06-27,3,9107454980;9107952621;9107921255,3,5,40.0,3,3,5,40.0,5,Adajan;Varachha,(none),(none)
W2-216,2026-07-18,3,9108249963;9108344165;9108382305,3,6,50.0,3,3,6,50.0,6,Adajan;Varachha,(none);2,(none);2026-07-18
W2-217,2026-07-18,3,9108333065;9108362646;9108330369,2,4,50.0,3,2,4,50.0,4,Ghod Dod,(none);4,(none);2026-07-20
W2-218,2026-07-18,3,9108335248;9108310549;9108318365,2,4,50.0,3,2,4,50.0,4,Adajan;Varachha,1;2;3,2026-07-18
W2-219,2026-07-13,3,9108190069;9108190068;9108153561,1,3,66.7,3,1,3,66.7,3,Adajan;Navsari,(none),(none)
W2-220,2026-07-13,3,9108212243;9108268018;9108239142,5,7,28.6,3,5,7,28.6,8,(unknown);Adajan,(none);3,(none);2026-07-13
W2-221,2026-07-13,3,9108222337;9108265800;9108265803,1,3,66.7,3,1,3,66.7,4,Adajan;Ghod Dod;Navsari,(none);3,(none);2026-07-13
W2-222,2026-07-13,3,9108227141;9107806394;9107930339,1,3,66.7,3,1,3,66.7,3,Bharuch,4,2026-07-13
W2-223,2026-07-14,3,9108186187;9108245658;9108245657,1,3,66.7,3,1,3,66.7,3,No Route,(none),(none)
W2-224,2026-07-14,3,9108270128;9108254486;9108267736,12,16,25.0,3,12,16,25.0,16,(unknown);Vapi;Varachha,(none);2;4,(none);2026-07-14
W2-225,2026-07-15,3,9108150394;9108256546;9108244341,5,9,44.4,3,5,9,44.4,9,Adajan,1,2026-07-15
W2-226,2026-07-15,3,9108301925;9108302121;9108304615,5,7,28.6,3,5,7,28.6,7,Bharuch,4,2026-07-15
W2-227,2026-07-24,3,9108495519;9108463848;9108485311,10,13,23.1,3,10,13,23.1,13,Adajan;Ghod Dod;Udhana,1;2,2026-07-24
W2-228,2026-07-24,3,9108495520;9108483112;9108454530,2,4,50.0,3,2,4,50.0,4,Adajan;Udhana,1,2026-07-24;2026-07-25
W2-229,2026-07-11,3,9108169589;9108213154;9108164199,4,6,33.3,3,4,6,33.3,6,Adajan;Ghod Dod;Varachha,1;3,2026-07-11;2026-07-12
W2-230,2026-07-11,3,9108190584;9108173489;9108190054,6,9,33.3,3,6,9,33.3,9,Adajan;Navsari;Vapi,2;4,2026-07-11
W2-231,2026-07-04,3,9108078454;9108011855;9107990133,4,6,33.3,3,4,6,33.3,6,Adajan;Ghod Dod,(none),(none)
W2-232,2026-07-04,3,9107954851;9108053163;9108054748,4,7,42.9,3,4,7,42.9,7,Adajan;Ghod Dod,1;3,2026-07-04;2026-07-07
W2-233,2026-07-29,3,9108561117;9108369289;9108585736,8,11,27.3,3,8,11,27.3,11,Adajan;Ghod Dod,(none);2,(none);2026-07-29
W2-234,2026-08-07,3,9108779300;9108766111;9108738013,14,17,17.6,3,14,17,17.6,17,No Route;Varachha,(none);1;3,(none);2026-08-07
W2-235,2026-08-07,3,9108746418;9108614494;9108753736,5,8,37.5,3,5,8,37.5,8,Ghod Dod,(none),(none)
W2-236,2026-08-07,3,9107512396;9108754459;9108748631,4,6,33.3,3,4,6,33.3,6,Vapi;Varachha,(none);3;4,(none);2026-08-07
W2-237,2026-08-07,3,9108737337;9108597661;9108749861,1,3,66.7,3,1,3,66.7,3,Ghod Dod;Varachha,(none),(none)
W2-238,2026-07-06,3,9108050596;9108012794;9108054879,2,4,50.0,3,2,4,50.0,4,Adajan;Bharuch;IGT / CROSS,(none);1,(none);2026-07-07
W2-239,2026-07-28,3,9108526921;9108513289;9108513292,1,3,66.7,3,1,3,66.7,3,Adajan;Ghod Dod;Vapi,(none);1,(none);2026-07-28;2026-07-29
W2-240,2026-07-28,3,9108514209;9108514208;9108540637,1,3,66.7,3,1,3,66.7,3,Ghod Dod;Udhana,2,2026-07-28
W2-241,2026-07-28,3,9108501468;9108514206;9108507446,6,8,25.0,3,6,8,25.0,9,Adajan;Chikhli,1;2;4,2026-07-28;2026-07-29
W2-242,2026-07-28,3,9108526926;9108526929;9108423280,3,6,50.0,3,3,6,50.0,6,Adajan;Varachha,1,2026-07-28
W2-243,2026-07-28,3,9108513643;9108513642;9108489672,3,6,50.0,3,3,6,50.0,6,Bharuch;Ghod Dod,(none),(none)
W2-244,2026-07-28,3,9107512387;9107512389;9107512388,1,3,66.7,3,1,3,66.7,4,Ghod Dod,(none),(none)
W2-245,2026-07-31,3,9108637013;9108536438;9108613940,4,6,33.3,3,4,6,33.3,7,Navsari;Varachha,(none),(none)
W2-246,2026-06-19,3,9107734259;9107764239;9107764240,4,6,33.3,3,4,6,33.3,6,(unknown);Adajan;Ghod Dod,(none),(none)
W2-247,2026-06-19,3,9107677679;9107725549;9107759814,6,8,25.0,3,6,8,25.0,8,(unknown);Adajan;Chikhli,(none),(none)
W2-248,2026-06-19,3,9107537681;9107640196;9107757369,1,3,66.7,3,1,3,66.7,3,Udhana;Varachha,(none),(none)
W2-249,2026-06-17,3,9107725114;9107728720;9107623099,4,7,42.9,3,4,7,42.9,7,Adajan;Navsari;Vapi,(none),(none)
W2-250,2026-06-17,3,9107720908;9107720915;9107680573,8,10,20.0,3,8,10,20.0,10,Adajan;Varachha,(none),(none)
W2-251,2026-06-17,3,9107723523;9107731611;9107740603,2,4,50.0,3,2,4,50.0,4,Adajan;Ghod Dod,(none),(none)
W2-252,2026-07-07,3,9108133417;9108090859;9108114671,16,19,15.8,3,16,19,15.8,22,Bharuch;Chikhli;Navsari,(none),(none)
